STORY,QUESTION,OPTION-A,OPTION-B,OPTION-C,OPTION-D,"答案
ANSWER"
"Xiao Hua is in the kitchen preparing dinner when suddenly he hears the doorbell ring. He turns down the fire and goes to open the door, finding it is his friend Xiao Li. Xiao Li holds some movie tickets in his hand and invites Xiao Hua to watch a movie. Xiao Hua thinks for a moment and tells Xiao Li that he must finish dinner first. At this time, Xiao Hua's sister also runs over and says she can help cook, letting Xiao Hua go play. Xiao Hua looks at the half-cooked dinner in the kitchen and hesitates.",What does Xiao Hua do next after hearing Xiao Li's invitation?,He continues to cook dinner.,He accepts Xiao Li's invitation and goes to watch a movie.,He lets his sister finish dinner and he rests.,He goes to discuss with other friends whether to go to the movies.,B
"Zhang Hua is preparing the last artwork for the art exhibition, while his friend Li Lei is complaining to him about workplace troubles over the phone. Suddenly, Zhang Hua's paintbrush falls to the ground. As he bends down to pick it up, there is a hurried knock on the window from his neighbor who rushes to borrow something. At the same time, Zhang Hua remembers that there is an important family gathering tonight, and his participation is very important to his family.","After Zhang Hua handles the sudden situation, what does he do first?",He opens the door to help the neighbor.,He calls back Li Lei to provide help and advice.,He prepares to attend the family gathering.,He reorganizes the studio and relaxes a bit.,A
"Li Hua is at home preparing an important speech, but his kitten suddenly jumps on the table and knocks over the water cup, and the water spills on his notebook. Li Hua is busy wiping his notebook, and at this time his friend Xiao Zhang knocks on the door to borrow a book. Li Hua's sister is also playing the guitar in the living room, and the sound is very loud. Suddenly, he receives a text message from his boss, asking him to submit the first draft of the speech tomorrow.","After Li Hua deals with the notebook problem, what does he do next?",He continues to prepare the speech.,He goes to a quiet room to avoid his sister's guitar sound.,He calls his boss to ask for a delay in submitting the speech.,He helps Xiao Zhang find the book he needs.,D
"Li Hua is a middle school student who loves painting. One day after school, he decides to go to the park to paint a landscape. When he finds an ideal painting spot, he suddenly realizes that there is not enough paint on the palette. At this time, his friend Xiao Wang calls him, asking if he wants to go to the bookstore together. Li Hua hears from the phone that the art supply store near the bookstore is having a sale. Just at this moment, Li Hua's mother sends a message, reminding him that there is an important math exam tonight.",What does Li Hua choose to do after he hangs up the phone?,"He continues to paint in the park, even if the paint is not enough.",He goes to the bookstore to meet Xiao Wang.,He goes home to prepare for the math exam.,He goes to the art supply store to buy paint.,C
"Zhang Wei is a diligent college student, he is studying in the library for the upcoming exam. Suddenly, he receives an urgent call from his good friend Li Hua, Li Hua needs help solving a difficult math problem. Zhang Wei is happy to help, but he also realizes that time is pressing, the exam is less than two days away. While he is helping Li Hua, his other friend Wang Fang sends a message, inviting him to a birthday party tonight. Zhang Wei knows this party is important to Wang Fang, but he also knows he needs to study.","After Zhang Wei helps Li Hua solve the math problem, what does he do next?",He continues to study for the exam in the library.,He goes home to rest because he feels very tired.,He goes to Wang Fang's birthday party.,He calls another friend to discuss whether to go to the party or not.,A
"At four in the afternoon, Li Hua just comes home from school and is about to start his math homework. Suddenly, his puppy runs over, looking very excited, as if it finds something in the yard. Li Hua curiously follows to see and discovers it is an injured little bird. He decides to first bring the bird into the house for care. At this time, he receives a message from his basketball team captain, asking if he is going to attend the extra training tonight. Li Hua knows that training is important for the upcoming game, but he does not finish his math homework yet, and his mother hopes that he finishes the homework early.","After dealing with the bird situation, what does Li Hua do next?",He goes to attend the extra training of the basketball team.,"He continues to play with the puppy in the yard, looking for other animals that might need help.",He starts doing math homework.,He prepares dinner to help lighten his mother's burden.,C
"Li Hua is a photographer, he is taking cover photos for a magazine. During the shooting process, he finds a very unique shooting angle, but this requires him to climb to a higher position. At this time, his assistant Xiao Zhang runs to tell him that his favorite photography exhibition is about to start. Li Hua knows that if he leaves to watch the exhibition now, he may miss this shooting opportunity. At the same time, the editor of the magazine calls to urge him to complete the shooting work as soon as possible.",What does Li Hua choose to do after receiving the message from assistant Xiao Zhang?,He goes to watch the photography exhibition immediately.,He replies to the editor that he needs more time to complete the shooting.,He asks Xiao Zhang to help climb to a high place to take pictures.,He continues the current shooting.,D
"On a cold winter night, Xiao Li is reading a book about plant encyclopedia at home. Her friend Xiao Wang calls her, tells her that he meets a botanist in a nearby cafe, and invites her to come over. Xiao Li hesitates for a while, because she remembers that there is an important biology exam tomorrow. She looks at the snow scene outside the window, then turns back to look at the notes and books piled up on the desk. Her cat jumps on the table and looks at her curiously.",What does Xiao Li do after receiving Xiao Wang's call?,She goes out to the cafe to meet the botanist.,She continues to stay at home and read.,She plays with her cat to relieve the pressure of studying.,She reviews the questions she gets wrong before.,D
"Xiao Hong just comes home and she finds that the TV at home does not work. She checks the TV plug and finds everything is normal, but the TV still cannot turn on. At this time, her roommate Xiao Gang comes home and tells her that he goes to an appliance store today and sees a new type of smart TV, and he really wants to buy it. Xiao Hong knows that Xiao Gang is saving money recently, but she also really wants a new TV. She looks out the window and finds that the weather is very good, which is suitable for going out for a walk to think.","After Xiao Hong finds out that the TV is broken, what does she most likely do?",She continues to try to repair the TV.,She invites Xiao Gang to go to the appliance store to see the new TV.,She goes out for a walk to relax.,She searches online for how to repair the TV.,D
"Li Hua is a middle school student who loves music. One day after school, he decides to go to the music store to buy a new guitar score. On the way, he runs into his friend Xiao Lin, who is working hard to fix the bicycle tire. Li Hua stops to help Xiao Lin, but suddenly receives a call from his mother, telling him that relatives are coming to their house for a party tonight, and he needs to help prepare. After hanging up the phone, Li Hua looks at the time and remembers his original plan to go to the music store.","After Li Hua helps Xiao Lin fix the bicycle, what does he do next?",Goes to the music store to buy a guitar score,Goes home to help prepare for the family gathering tonight.,Continues to help Xiao Lin fix other bicycle problems.,Invites Xiao Lin to go to the music store together.,A
"Xiao Hong studies in the library, suddenly her pen pal Xiao Lan sends a message, saying he comes to this city for a meeting and wants to see her. Xiao Hong is very excited, but she remembers that there is an important project report to prepare today. Her friend Xiao Lu sees her hesitation and suggests that she completes the report before meeting her pen pal. At this moment, the library broadcast announces that it is about to close.","After Xiao Hong receives Xiao Lan's message, what action is she most likely to take?",Completes the project report.,Calls Xiao Lan and arranges to meet near the library.,"Lets Xiao Lu help to complete the report, she goes to see Xiao Lan.","Stays in the library to continue studying, does not go to see Xiao Lan.",A
"Li Hua is a high school student, preparing for the upcoming important math exam. His room is full of review materials and exercise books. At this moment, his good friend Xiao Zhang sends a message, inviting him to participate in the basketball game this weekend. Li Hua loves basketball, but he knows he needs to concentrate on reviewing. At the same time, Li Hua's sister enters the room, tells him she is about to go to the library, and asks him if he needs more review materials. Li Hua's mind pictures the scene on the basketball court, but he also remembers his parents' expectations.","After receiving the message, what does Li Hua do?",He continues to review math.,"He replies to Xiao Zhang, agrees to participate in the basketball game.","He goes to the library with his sister, looking for more review materials.","He pauses the review, chats with his sister, relieves study pressure.",A
"Zhang Wei is a diligent college student, he is in the library preparing for the final exam. The content of the exam is hard for him, so he decides to focus on studying. Suddenly, his good friend Li Hua sends a message, inviting him to a party on the weekend. Zhang Wei thinks for a while, because he has not seen his friends for a long time. But he thinks about the importance of the exam. His phone battery is low, he decides to plug in the charger. At this time, his girlfriend calls him, saying she is free in the evening, they can review together.","After Zhang Wei finishes the call with his girlfriend, what does he do?",He continues to review in the library.,He turns off the phone to avoid being disturbed.,He leaves the library to attend the friend's party.,He prepares to go to his girlfriend's place to review.,A
"Zhang Hua is a student who loves painting, he is painting a picture about the ocean at home. Suddenly, his good friend Li Lei calls, saying his bicycle breaks down on the road, he needs help. Zhang Hua agrees to help, after hanging up the phone, he turns around and sees the sunset outside the window. He considers whether to finish the painting first, but at the same time he remembers there is an important painting competition tomorrow. His mother is busy preparing dinner in the kitchen, she calls him to help.","After Zhang Hua hangs up the phone, what does he do next?",He goes to help Li Lei fix the bicycle.,He goes to the kitchen to help his mother cook.,He watches the sunset outside the window.,He prepares for the painting competition tomorrow.,A
"Zhang Hua is a high school student, he prepares for tomorrow's physics exam seriously in the library. Suddenly, his good friend Li Lei sends a message, saying he gets injured in a basketball game. Zhang Hua worries a lot, but he knows if he leaves now, he may not be able to prepare for the exam well. At this time, the library administrator announces that the library closes within 30 minutes. There is still unread detailed information about the injury sent by Li Lei in Zhang Hua's mobile phone.",What decision does Zhang Hua make after receiving Li Lei's message?,He stays in the library to study until it closes.,He leaves the library immediately to visit Li Lei.,"He replies to Li Lei's message, asking for more details about the injury.",He asks the library administrator to extend the opening hours so he can finish studying.,C
"Zhang Wei reads a book about astronomy in the library, he is full of curiosity about the mysteries of the universe. Suddenly, his good friend Li Hua sends a message, asking if he is still needed for the football match next week. Zhang Wei thinks for a while and replies to Li Hua. At this time, the library administrator comes over to remind Zhang Wei that the library is about to close, he needs to leave as soon as possible. It rains heavily outside, Zhang Wei worries that the way home is very difficult.",What is the most likely action of Zhang Wei before the library closes?,He continues to read the astronomy book.,He replies to Li Hua with more details about the football match.,He packs up his things and prepares to leave the library.,"He checks the weather forecast on his phone, considering whether to wait for the rain to stop before leaving.",C
"Li Hua studies in the library, suddenly his laptop shows low battery. He starts to look for power outlets in the library, but all the outlets are in use by others. At this time, his friend Xiao Hong sends a message, inviting him to study in the coffee shop. Li Hua also remembers that his sister comes to the library to discuss an important family event with him in the afternoon. He is considering whether to go to the coffee shop, or stay in the library waiting for his sister.","After the battery of Li Hua's laptop runs low, what does he do?",He goes to the coffee shop to study with Xiao Hong.,He continues to look for power outlets in the library.,He goes home to get the charger.,He stays in the library waiting for his sister.,D
"Li Hua is a college student, he is preparing for an important exam in the library. His friend Amei sends him a message, inviting him to a party tonight, this party is a birthday celebration of their mutual friend. At the same time, he receives an email from his tutor, asking him to complete an urgent project report tonight. After considering for a while, Li Hua replies to Amei's message, then continues to stay in the library. At this time, his mobile phone battery is low, and there is no available charging socket nearby.","After Li Hua replies to Amei's message, what does he most likely do?",Continues to prepare for the exam.,Goes home to charge his mobile phone.,Starts to do the project report required by the tutor.,Gives up studying and goes to the party.,B
"Li Hua is in the library, focusing on reading a book about history, preparing for tomorrow's exam. His good friend Wang Gang sends an urgent message, needing his help to solve a math problem. Li Hua checks the message, but he knows if he leaves now, there may not be enough time to complete his review. At the same time, his teacher happens to come over, reminding him that the library is about to close, and asking him if he needs extra materials to help study.","After Li Hua reads the message, what does he do?",He leaves the library to help Wang Gang solve the math problem.,He asks the teacher for help to solve Wang Gang's math problem together.,He asks the teacher to allow him to stay in the library a little longer to help Wang Gang.,He ignores Wang Gang's message and focuses on reading.,D
"On a sunny and breezy afternoon, Li Hua is in his study room, working on a complex math problem. Just as he is about to solve the problem, his younger brother Xiao Qiang runs in, excitedly telling him that there are a group of strange birds outside. Li Hua hesitates for a moment, but decides to continue focusing on his math problem. Suddenly, his phone rings. It is a message from his good friend Xiao Li, inviting him to a basketball game in the afternoon.",What is the most likely action of Li Hua after receiving the message from Xiao Li?,He continues to solve the math problem.,He goes out to observe the strange birds.,"He replies to Xiao Li, then goes to the basketball game.",He turns off his phone and concentrates on the math problem.,A
