reasoning,content,model_answer,id,correct_answer,STORY,QUESTION,OPTION-A,OPTION-B,OPTION-C,OPTION-D,SOURCE_FILE
,"To determine why Xiao Hong smiles at Xiao Fang, let's analyze the given story and the context provided.

1. **Contextual Clues**: The story begins with Xiao Hong and Xiao Fang watching other children play on the playground and discussing going to the park together after school. This establishes that they are already engaged in a conversation about doing something fun together.

2. **Xiao Hong's Action**: Xiao Hong gives Xiao Fang a look and then looks in the direction of the swing. This action indicates that Xiao Hong is drawing Xiao Fang's attention to something specific, likely related to the swing.

3. **Xiao Hong Smiles**: After looking at the swing, Xiao Hong smiles at Xiao Fang. Smiling in this context suggests that Xiao Hong is pleased or amused by something related to the swing.

4. **Xiao Fang's Response**: Xiao Fang nods, and both stand up. This reaction implies that Xiao Fang understands Xiao Hong's cue and agrees with whatever action or suggestion Xiao Hong is implying.

5. **Xiao Mei's Observation**: The story mentions that Xiao Mei, who is on the swing, notices the interaction between Xiao Hong and Xiao Fang. This detail is crucial as it directly links the action (swinging) to the interaction between Xiao Hong and Xiao Fang.

Given these observations, let's analyze the answer choices:

- **A. Xiao Hong smiles because she sees something interesting on the playground.** While this is a plausible reason for smiling, it's too general and doesn't directly relate to the specific action of looking at the swing and then smiling at Xiao Fang.

- **B. Xiao Hong smiles because she thinks it is fun to play after school.** The story does mention discussing going to the park after school, but Xiao Hong's smile is directly linked to looking at the swing, not the discussion about after school.

- **C. Xiao Hong smiles at Xiao Fang to suggest making new friends together.** There's no indication in the story that Xiao Hong is suggesting making new friends. The context is about Xiao Hong and Xiao Fang interacting, not about making new friends.

- **D. Xiao Hong smiles because she is suggesting playing on the swing.** Given that Xiao Hong looks at the swing and then smiles at Xiao Fang, and subsequently, both stand up (implying they are going to do something), the most logical interpretation is that Xiao Hong is suggesting they play on the swing. This is supported by Xiao Mei being on the swing and noticing their interaction.

**Step-by-Step Reasoning Conclusion**: The most plausible reason for Xiao Hong's smile is related to the action of swinging, as indicated by her looking towards the swing before smiling. The closest interpretation related to the swing is that she is suggesting or is pleased about the idea of playing on the swing.

**Most Likely Answer Index**: Since none of the options directly state ""Xiao Hong smiles because she is suggesting playing on the swing,"" we need to choose the closest related answer. The closest related answer is **B. Xiao Hong smiles because she thinks it is fun to play after school** or interpreting it as she is happy about playing (on the swing), which is a more immediate action than going to the park after school.

However, a more accurate interpretation based on the given context is that Xiao Hong is suggesting or is happy about playing on the swing, which isn't directly listed. Among the given choices, the closest in spirit (though not directly related to the swing) is an answer that implies enjoying an activity.

The best answer is **[[B]]**.",B,0,D,"Xiao Hong and Xiao Fang watch other children play on the playground. They chat about some interesting things happening on the playground and discuss going to the park together after school. Suddenly, Xiao Hong gives Xiao Fang a look and looks in the direction of the swing. Then, Xiao Hong smiles at Xiao Fang. Xiao Fang nods, and the two stand up. Xiao Mei sits on the swing and notices the interaction between Xiao Hong and Xiao Fang.",Why does Xiao Hong smile at Xiao Fang?,Xiao Hong smiles because she sees something interesting on the playground.,Xiao Hong smiles because she remembers a joke about Xiao Mei.,Xiao Hong smiles because she thinks it is fun to play after school.,Xiao Hong smiles at Xiao Fang to suggest making new friends together.,Ambiguous Story Task
,"To infer how Xiao Mei feels based on the given story, let's analyze the information step by step.

1. **Understanding the Context**: The story describes Xiao Hong and Xiao Fang watching other children play and discussing going to the park. This establishes a friendly and casual atmosphere.

2. **Xiao Hong and Xiao Fang's Interaction**: Xiao Hong gives Xiao Fang a look and then glances towards the swing. After Xiao Hong smiles at Xiao Fang, Xiao Fang nods, and they both stand up. This interaction suggests that they are communicating about something, likely related to the swing since Xiao Hong looked in that direction.

3. **Xiao Mei's Situation**: Xiao Mei is sitting on the swing. She notices the interaction between Xiao Hong and Xiao Fang.

4. **Inferring Xiao Mei's Feelings**: The key to understanding Xiao Mei's feelings lies in interpreting the interaction between Xiao Hong and Xiao Fang and how it relates to Xiao Mei. Since Xiao Hong and Xiao Fang looked at the swing and then stood up, it's reasonable to infer that their plan or intention is related to the swing.

5. **Analyzing the Answer Options**:
   - **A. Xiao Mei feels excited because she thinks Xiao Hong and Xiao Fang want to play on the swing together.** This is plausible because if Xiao Mei thinks they are joining her or planning to play on the swing, she might feel excited, especially if she enjoys their company.
   - **B. Xiao Mei feels a little scared, worried they will bully her.** This option introduces a negative emotion based on the assumption that Xiao Hong and Xiao Fang might bully Xiao Mei. However, the story doesn't directly suggest any aggressive intentions.
   - **C. Xiao Mei feels very happy, thinking they are going to give her a surprise.** This implies that Xiao Mei interprets their actions as planning a surprise for her, which could be a positive interpretation but assumes a specific intent not directly supported by the story.
   - **D. Xiao Mei feels a little scared, worried they will bully her.** This is a repetition of option B, likely a typographical error in the options provided.

6. **Reasoning**: The story doesn't explicitly state that Xiao Hong and Xiao Fang have any negative intentions towards Xiao Mei. The interaction between Xiao Hong and Xiao Fang seems to be positive (smiling and nodding), suggesting they are planning something together, likely related to the swing. There's no clear indication that they intend to bully Xiao Mei. Therefore, options B and D are less likely due to the lack of evidence suggesting bullying. Between A and C, A is more directly related to the observed actions (looking at the swing and standing up), suggesting they might want to join or play on the swing.

7. **Conclusion**: Given the positive context and the actions described, the most reasonable inference is that Xiao Mei might feel excited or positive about Xiao Hong and Xiao Fang's intentions if she thinks they are going to play together.

The most likely answer index is: [[A]]",A,1,B,"Xiao Hong and Xiao Fang watch other children play on the playground. They chat about some interesting things happening on the playground and discuss going to the park together after school. Suddenly, Xiao Hong gives Xiao Fang a look and looks in the direction of the swing. Then, Xiao Hong smiles at Xiao Fang. Xiao Fang nods, and the two stand up. Xiao Mei sits on the swing and notices the interaction between Xiao Hong and Xiao Fang.",How do you think Xiao Mei feels?,Xiao Mei feels excited because she thinks Xiao Hong and Xiao Fang want to play on the swing together.,"Xiao Mei feels curious, possibly a bit worried.","Xiao Mei feels a little scared, worried they will bully her.","Xiao Mei feels very happy, thinking they are going to give her a surprise.",Ambiguous Story Task
,"To determine what Xiao Hua does next after hearing Xiao Li's invitation, let's analyze the given story step by step.

1. **Xiao Hua is initially in the kitchen preparing dinner.** This establishes his current activity.
2. **The doorbell rings, and it's Xiao Li with movie tickets, inviting Xiao Hua to watch a movie.** This introduces an alternative activity for Xiao Hua.
3. **Xiao Hua thinks for a moment and tells Xiao Li that he must finish dinner first.** This indicates Xiao Hua's initial decision regarding the invitation. He decides not to go immediately because he hasn't finished cooking dinner.
4. **Xiao Hua's sister offers to help cook, allowing Xiao Hua to go.** This introduces a new development that could change Xiao Hua's decision.
5. **Xiao Hua hesitates after looking at the half-cooked dinner and considering his sister's offer.** This shows that Xiao Hua is weighing his options.

Now, let's examine the candidate answers in light of the story:

- **A. He continues to cook dinner.** Initially, after hearing Xiao Li's invitation, Xiao Hua tells Xiao Li that he must finish dinner first, indicating he was planning to continue cooking. However, this is before his sister offers to help.
  
- **B. He lets his sister finish dinner and he rests.** The story doesn't directly state that Xiao Hua decides to rest after his sister offers to help. It only mentions that he hesitates.

- **C. He goes to discuss with other friends whether to go to the movies.** There is no information in the story that suggests Xiao Hua goes to discuss with other friends about going to the movies.

- **D. He lets his sister finish dinner and he goes to the movies (implied by ""he lets his sister finish dinner and he rests"" but the actual action is more likely to be going to the movies).** The story implies that after his sister offers to help, Xiao Hua could potentially go to the movies, as the obstacle (unfinished dinner) is being addressed.

Given the context and the information provided, after Xiao Li's invitation, Xiao Hua's immediate next action is described as thinking for a moment and then telling Xiao Li that he must finish dinner first. Thus, his immediate response to the invitation is to continue with his current task (cooking dinner) or at least to finish it before going.

The most likely next action described directly after Xiao Li's invitation is that **Xiao Hua continues to cook dinner or at least decides to finish it first**. The actual next step after his sister's intervention is not directly stated, but the immediate action after the invitation is related to his decision to finish dinner.

Therefore, the most likely answer based on the immediate action after Xiao Li's invitation is **A. He continues to cook dinner.**

[[A]]",A,2,B,"Xiao Hua is in the kitchen preparing dinner when suddenly he hears the doorbell ring. He turns down the fire and goes to open the door, finding it is his friend Xiao Li. Xiao Li holds some movie tickets in his hand and invites Xiao Hua to watch a movie. Xiao Hua thinks for a moment and tells Xiao Li that he must finish dinner first. At this time, Xiao Hua's sister also runs over and says she can help cook, letting Xiao Hua go play. Xiao Hua looks at the half-cooked dinner in the kitchen and hesitates.",What does Xiao Hua do next after hearing Xiao Li's invitation?,He continues to cook dinner.,He accepts Xiao Li's invitation and goes to watch a movie.,He lets his sister finish dinner and he rests.,He goes to discuss with other friends whether to go to the movies.,Completion of failed actions
,"To determine the most likely action Zhang Hua takes after handling the sudden situation, let's analyze the given information step by step.

1. **Identify the sudden situation**: The story mentions several events happening around Zhang Hua, but the ""sudden situation"" refers to the immediate, unexpected events that require his attention. These include his paintbrush falling, his neighbor knocking on the window, and his recollection of an important family gathering. However, ""the sudden situation"" likely refers to the immediate events that interrupt his current activity, which are his paintbrush falling and the neighbor knocking.

2. **Handling the sudden situation**: 
   - First, Zhang Hua needs to pick up his paintbrush as it has fallen. This is an immediate action following the paintbrush falling to the ground.
   - Then, he has to respond to his neighbor's knock on the window. This involves interacting with the neighbor, likely by opening the window or door to help them.

3. **Assessing the options after handling the sudden situation**:
   - **A. He opens the door to help the neighbor.** This is a likely part of handling the sudden situation, as it involves responding to the neighbor's knock. If Zhang Hua hasn't done this yet, it could be considered part of handling the situation. However, the story doesn't explicitly state that he hasn't opened the door or window yet.
   - **B. He prepares to attend the family gathering.** The story mentions that Zhang Hua remembers an important family gathering, which suggests that this is a significant event for him. However, it doesn't directly state that he immediately prepares to attend it after handling the sudden situation.
   - **C. He reorganizes the studio and relaxes a bit.** There's no direct information in the story that suggests Zhang Hua will do this after handling the immediate interruptions.
   - **D. He prepares to attend the family gathering.** This is a duplicate of option B, suggesting a potential error in the options provided.

4. **Determining the most likely next action**:
   - The story indicates that Zhang Hua is in the middle of preparing an artwork and is interrupted by several events. After handling the immediate interruptions (picking up the paintbrush and dealing with the neighbor), the next logical step isn't directly stated, but we can infer based on the context.
   - Zhang Hua is reminded of an important family gathering, which is significant to him and his family. This is a personal and potentially time-sensitive matter.
   - Options B and D are the same, suggesting that ""preparing to attend the family gathering"" is a strong candidate for what Zhang Hua might do next, given the importance of the gathering.

5. **Conclusion**:
   - Since B and D are identical, and there's a logical basis for Zhang Hua to prepare for the family gathering after dealing with the immediate interruptions, the most likely next action involves attending to this personal commitment.
   - Between A, B, C, and D, and considering that B and D are the same, the most reasonable next step after handling the neighbor (and implicitly picking up the paintbrush) would be to prepare for the family gathering.

Given the information and the analysis, the most likely answer is **[[B]]** (or equally **[[D]]** since they are the same). Since the task requires selecting one of the given options and both B and D are the same, we can choose either.

Therefore, the step-by-step reasoning leads to the conclusion that Zhang Hua is likely to prepare for the family gathering after handling the immediate interruptions.

[[B]]",B,3,A,"Zhang Hua is preparing the last artwork for the art exhibition, while his friend Li Lei is complaining to him about workplace troubles over the phone. Suddenly, Zhang Hua's paintbrush falls to the ground. As he bends down to pick it up, there is a hurried knock on the window from his neighbor who rushes to borrow something. At the same time, Zhang Hua remembers that there is an important family gathering tonight, and his participation is very important to his family.","After Zhang Hua handles the sudden situation, what does he do first?",He opens the door to help the neighbor.,He calls back Li Lei to provide help and advice.,He prepares to attend the family gathering.,He reorganizes the studio and relaxes a bit.,Completion of failed actions
,"To determine where Li Hua plans to spend the weekend with Wang Fang, let's analyze the information given in the story.

1. **Li Hua's Preferences**: Li Hua is described as someone who is passionate about outdoor adventures. He goes hiking or camping every weekend and seeks fresh and exciting experiences. This indicates that his preferred activities are related to outdoor adventures.

2. **Wang Fang's Preferences**: Wang Fang, on the other hand, is a quiet librarian who spends her weekends reading and organizing books in a quiet library. She prefers a calm and orderly environment, which is quite the opposite of Li Hua's preferences.

3. **Li Hua's Invitation to Wang Fang**: Li Hua invites Wang Fang to go out for the weekend. Given Li Hua's nature, it's likely that he is inviting her to participate in one of his preferred outdoor activities.

4. **Possible Activities**: The options provided for where Li Hua plans to spend the weekend with Wang Fang are A. Hiking, B. Sports Park, C. Skiing, and D. Sports Park. Notice that ""D. Sports Park"" is a repetition of ""B. Sports Park,"" which likely makes ""D"" an incorrect or less likely choice due to redundancy.

5. **Analysis of Options**:
   - **A. Hiking**: This is an activity Li Hua is known to enjoy. It's an outdoor adventure that aligns with his interests.
   - **B/C. Sports Park/Skiing**: While ""Sports Park"" and ""Skiing"" could be considered outdoor activities, ""Skiing"" is not mentioned in Li Hua's known activities, and ""Sports Park"" is somewhat generic. However, both could be seen as adventurous or outdoor-related, with ""Skiing"" being more specific and adventurous.
   - **D. Sports Park**: As mentioned, this is a repeated option and likely not the correct choice due to its duplication.

6. **Considering Wang Fang's Preferences**: It's worth noting that Wang Fang prefers calm environments, which might not align with Li Hua's adventurous plans. However, the question is about Li Hua's plan, not necessarily about what Wang Fang would prefer or enjoy.

7. **Most Likely Activity**: Given Li Hua's love for outdoor adventures and the fact that hiking is specifically mentioned as one of his regular activities, the most straightforward choice related to his interests is hiking.

8. **Conclusion**: Based on Li Hua's character and preferences, the most likely place he plans to spend the weekend with Wang Fang is on a hiking trip.

[[A]]",A,4,B,"Li Hua is a person who is passionate about outdoor adventures, and he goes hiking or camping every weekend. He always seeks fresh and exciting experiences. Wang Fang, a quiet librarian, spends her weekends in a quiet library, reading and organizing books. She likes a calm and orderly environment. This weekend, Li Hua invites Wang Fang to go out for the weekend.",Where does Li Hua plan to spend the weekend with Wang Fang?,Hiking,Library,Sports Park,Skiing,Discrepant desires
,"To determine the most likely answer, let's analyze the information given in the story and the question.

1. **Understanding Li Hua's Preferences**: Li Hua is described as a photographer passionate about outdoor adventures. He enjoys activities like hiking or climbing in the mountains. This indicates that Li Hua prefers outdoor activities, especially those that involve nature and potentially photography.

2. **Understanding Wang Min's Preferences**: Wang Min is an interior designer who prefers indoor activities. His interests include visiting art exhibitions and design expos, showing a preference for activities related to his profession or interest in design and art.

3. **The Question's Context**: The question is about what Wang Min should suggest doing this weekend to make it enjoyable for both of them when inviting Li Hua to spend time together.

4. **Analyzing the Answer Options**:
   - **A. Natural Scenic Area**: This aligns with Li Hua's interests as it involves outdoor activities and potentially photography.
   - **B. Interior Design Expo**: This is listed twice (as B and D), and it aligns with Wang Min's interests as an interior designer.
   - **C. City Shopping Center**: While this is an indoor activity, it's not specifically tailored to either Li Hua's or Wang Min's particular interests as described.
   - **D. Interior Design Expo**: Duplicate of B.

5. **Reasoning**:
   - To make the weekend enjoyable for both, Wang Min needs to consider Li Hua's preferences as well since Li Hua is the one being invited.
   - Li Hua's passion is for outdoor activities, so an ideal suggestion would lean towards something that either includes outdoor activities or is a compromise between their interests.
   - Since there's no direct compromise listed among the options (like an activity that combines outdoor and design aspects), the best choice would be something that is either directly enjoyable for Li Hua or at least not completely against his preferences.

6. **Choosing the Most Likely Answer**:
   - **A. Natural Scenic Area** is the most aligned with Li Hua's interests. Although it's not directly related to Wang Min's preferences, it's a more likely choice because it caters to Li Hua's passion for outdoor adventures. Wang Min, being an interior designer, might still appreciate the aesthetic aspects of natural scenery, even if it's not his usual preference for indoor activities.
   - The duplicate option **B/D. Interior Design Expo** caters to Wang Min's interest but doesn't consider Li Hua's preferences.

7. **Conclusion**: Given that Li Hua's preferences are for outdoor activities and there's an option directly related to that, it's reasonable to suggest an activity that Li Hua would enjoy. Thus, the most likely answer is **A. Natural Scenic Area**.

[[A]]",A,5,B,"Li Hua is a photographer who is passionate about outdoor adventures. He often spends his weekends hiking or climbing in the mountains, pursuing those rare natural landscapes. His friend Wang Min is an interior designer who prefers indoor activities, especially visiting art exhibitions and design expos. This weekend, Wang Min wants to invite Li Hua to spend together.","To make this weekend enjoyable, where should Wang Min suggest going?",Natural Scenic Area,Natural Landscape Photography Exhibition,Interior Design Expo,City Shopping Center,Discrepant desires
,"To determine the most likely emotion Xiao Hong's friend has, let's analyze the given information step by step.

1. **Understanding the situation**: Xiao Hong is supposed to help her club prepare for an event. Instead of fulfilling her responsibility, she chooses to visit a friend.

2. **Implications of Xiao Hong's actions**: By choosing to visit a friend over helping her club, Xiao Hong is not fulfilling her obligations. This could imply that her actions might have consequences or impact others, potentially causing inconvenience or extra work for others in the club.

3. **Possible reactions to Xiao Hong's visit**: When considering how Xiao Hong's friend might feel about her visit, we need to consider the context. The story doesn't directly state the friend's knowledge about Xiao Hong's obligations or her decision to prioritize the visit over her club responsibilities.

4. **Analyzing the emotions given in the options**:
   - **A. Angry**: There's no direct information that the friend is angry. Anger would typically be a response to something negative directly related to the friend, which isn't clearly the case here.
   - **B. Grateful**: If Xiao Hong's friend is aware that Xiao Hong had other obligations she was supposed to attend to, the friend might appreciate the fact that Xiao Hong chose to visit her instead. This could imply the friend feels grateful for Xiao Hong's company or priority.
   - **C. Regretful**: The story doesn't directly suggest that the friend has any reason to feel regretful about Xiao Hong's visit. Regret would imply that the friend is sorry about something related to the visit or Xiao Hong's decision.
   - **D. Grateful**: This is a repetition of option B, likely a typographical error in the question. We will disregard this as a distinct option due to duplication.

5. **Making an inference**: Given that Xiao Hong chose to visit her friend over helping her club, it can be inferred that the visit was a positive interaction for the friend. There's no clear indication that the friend would be angry or regretful. The most plausible positive emotion related to the given context is gratitude, as it suggests the friend appreciates Xiao Hong's decision to visit.

6. **Conclusion**: Based on the steps above, the most likely emotion Xiao Hong's friend has is being grateful for the visit, as it indicates Xiao Hong prioritized their interaction.

[[B]]",B,6,C,"Xiao Hong is supposed to help her club prepare for this event, but she goes to visit a friend instead.",What kind of emotion does Xiao Hong's friend have?,Angry,Proud,Grateful,Regretful,Discrepant emotions
,"To determine the most likely intention behind Emily's behavior, let's analyze the given story and the candidate answers step by step.

1. **Understanding Emily's Actions**: Emily initially goes to the library to find a specific book. Upon not finding it because it's borrowed, she mistakenly takes another book with a similar cover, thinking it's the same book. After realizing her mistake at home, she decides not to return the book.

2. **Analyzing the Candidate Answers**:
   - **A. Emily possibly chooses not to return it due to negligence or thinking that this book is not important.** This option suggests that Emily's decision not to return the book is due to either negligence or underestimating the book's importance. The story implies that Emily is ""too lazy to return it,"" which aligns with negligence.
   - **B. Emily thinks this book belongs to the library, so there is no need to return it.** This is a possible interpretation but the story doesn't directly support it as it doesn't mention Emily's thoughts on the book's ownership after she realizes it's not the one she wanted.
   - **C. Emily possibly mistakenly thinks she finds the book she wants, only realizing she takes the wrong one after returning home.** This accurately describes Emily's initial action and subsequent realization. However, it doesn't directly address her intention behind not returning the book.
   - **D. This option is a repetition of B, likely a typographical error in the options provided.**

3. **Reasoning**:
   - Emily's initial intention was to borrow the book she wanted, not the one she ended up taking. The story clearly states she took the wrong book by mistake.
   - The key to understanding Emily's intention lies in her decision not to return the book after realizing her mistake. The story attributes this decision to being ""too lazy,"" which can be interpreted as a form of negligence.
   - **Option C** correctly describes Emily's initial mistake and realization, directly relating to her actions described in the story. While it doesn't directly state her intention behind not returning the book, it is the most accurate description of her behavior leading up to that point.
   - **Option A** directly addresses the reason behind Emily's decision not to return the book, suggesting negligence as a motive, which aligns with being ""too lazy to return it.""

4. **Conclusion**: The most relevant information about Emily's intention is her action of not returning the book due to being ""too lazy,"" which is best captured by the interpretation that she was negligent or didn't consider the book important enough to return. Thus, the most likely answer is **A**, as it directly addresses the intention behind Emily's behavior of not returning the book.

[[A]]",A,8,D,"Emily finds a book she really wants to read in the library, but discovers that the book is already borrowed by someone else. Emily sees a book with a similar cover next to it, thinks it is the same book, and takes it away. After returning home, Emily realizes it is a different book, but is too lazy to return it. Meanwhile, Kate is busy working in the library. She knows this book belongs to a blind person who is waiting for this book. Kate, who is recently cheated by a blind person she does not know, notices that Emily takes the wrong book, but she chooses not to tell Emily.",What is the possible intention behind Emily's behavior?,Emily possibly chooses not to return it due to negligence or thinking that this book is not important.,Emily possibly takes it away without careful inspection because she is eager to read this book.,"Emily thinks this book belongs to the library, so there is no need to return it.","Emily possibly mistakenly thinks she finds the book she wants, only realizing she takes the wrong one after returning home.",Discrepant intentions
,"To infer the most likely action Xiao Mei will take next, let's analyze the given story and the options step by step.

1. **Understanding the Context**: The story sets a scene where Xiao Hong and Xiao Fang are watching other children play and decide to approach Xiao Mei, who is on a swing. The fact that they exchange a look before approaching Xiao Mei suggests they are coordinating their action or have a shared interest in interacting with Xiao Mei.

2. **Analyzing the Interaction**: Xiao Mei notices Xiao Hong and Xiao Fang coming towards her and is aware of their previous eye contact. She smiles, indicating she is open or at least not hostile to their approach. This reaction is crucial as it shows Xiao Mei is receptive.

3. **Considering Xiao Mei's Previous Relationship with Xiao Hong and Xiao Fang**: It's mentioned that although the three are in the same class, Xiao Mei does not talk to them before. This indicates that Xiao Mei is not familiar with them, but her smile upon seeing them approach suggests a willingness to engage.

4. **Evaluating the Answer Options**:
   - **A. She goes directly to Xiao Hong and Xiao Fang, greets them, and asks if they need help or want to play together.** This is a proactive and friendly response. Given Xiao Mei's smile and the context, it's a plausible action.
   - **B. She imagines that Xiao Hong and Xiao Fang just want to make new friends and mean no harm.** This is an internal thought process rather than an action, and it's duplicated in **D**, making **D** redundant.
   - **C. She ignores the behavior of Xiao Hong and Xiao Fang and focuses on playing on the swing.** Ignoring them doesn't align well with her noticing their approach and smiling, as it suggests some level of engagement or acknowledgment.
   - **D. She imagines that Xiao Hong and Xiao Fang just want to make new friends and mean no harm.** As mentioned, this is a thought process and is identical to **B**, making it less likely to be the correct answer due to redundancy and the fact that the question asks for an action.

5. **Choosing the Most Likely Action**: Given that Xiao Mei smiles upon seeing Xiao Hong and Xiao Fang approach, it indicates she is open to interaction. The most direct and relevant action following her positive non-verbal cue (smiling) would be to engage with them.

6. **Conclusion**: The most likely action for Xiao Mei, based on the context and her reaction, is to greet them and be open to interaction. **A** describes a direct and friendly action that aligns with her observed behavior (smiling).

[[A]]",A,10,C,"Xiao Hong and Xiao Fang watch other children play on the playground. They chat about some interesting things happening on the playground and plan to go to the park together after school. Suddenly, Xiao Hong gives Xiao Fang a look and looks at Xiao Mei on the swing. Then, Xiao Hong smiles at Xiao Fang. Xiao Fang nods, and the two walk towards Xiao Mei. Xiao Mei sees these two girls she is not familiar with coming towards her. She notices their previous eye contact and smiles. Although the three are in the same class, Xiao Mei does not talk to them before.",What does Xiao Mei do next?,"She goes directly to Xiao Hong and Xiao Fang, greets them, and asks if they need help or want to play together.",She ignores Xiao Hong and Xiao Fang and goes to talk to her best friend about her feelings.,She imagines that Xiao Hong and Xiao Fang just want to make new friends and mean no harm.,She ignores the behavior of Xiao Hong and Xiao Fang and focuses on playing on the swing.,Emotion Regulation
,"To determine Taotao's next action based on the given story, let's analyze the information step by step.

1. **Understanding the Context**: Jianning and Mingkai are co-captains of a football team and are in the process of selecting team members. They joke about the remaining unselected players being ""the best players,"" indicating a lighthearted or possibly sarcastic tone regarding the last players to be chosen.

2. **Mingkai's Actions and Jianning's Response**: Mingkai winks at Jianning and then looks at Taotao, one of the remaining unselected players. After that, Mingkai smiles at Jianning, and Jianning nods in response. This non-verbal communication between Mingkai and Jianning suggests they have decided to select Taotao for their team.

3. **Taotao's Awareness**: Taotao notices Mingkai's wink and smile directed at Jianning, as well as Jianning's subsequent nod. This indicates Taotao is aware that he is being considered or has been chosen for the team.

4. **Interpreting Taotao's Likely Response**: Given that Taotao sees the interaction between Mingkai and Jianning and understands he is being selected, his response will likely be positive. The question is how he reacts to being chosen after witnessing their non-verbal communication.

5. **Analyzing the Answer Options**:
   - **A. He walks towards Jianning and Mingkai, extends his hand, and shows a positive and friendly attitude.** This is a plausible reaction as it shows Taotao is eager and positive about being selected.
   - **B. He reinterprets this situation in a positive way, such as considering himself as a ""hidden treasure"" or ""secret weapon"", not the last one to be selected.** This is a possible internal reaction, showing Taotao is optimistic about his selection.
   - **C. He shifts his attention to the upcoming game, not focusing on the order of being selected.** While possible, this doesn't directly relate to Taotao's immediate reaction to being chosen after observing Mingkai and Jianning's interaction.
   - **D. He reinterprets this situation in a positive way, such as considering himself as a ""hidden treasure"" or ""secret weapon"", not the last one to be selected.** This is identical to option B, suggesting a potential typographical error in the options provided.

6. **Choosing the Most Likely Answer**: 
   - Both B and D offer the same interpretation, making them equally likely in content but D is a repetition. 
   - A is a direct and immediate action that Taotao could take upon realizing he's been selected, showing enthusiasm and a positive attitude.
   - C is less directly related to the immediate situation of being selected.

Given the context and the information provided, Taotao is likely to react positively to being chosen. Both interpreting the situation positively (B or D) and taking a direct action like walking towards Jianning and Mingkai (A) are plausible. However, since D is a repetition of B, it doesn't offer a distinct alternative.

**Step-by-Step Reasoning Conclusion**: 
The most direct and observable action Taotao can take is to walk towards Jianning and Mingkai and show a positive attitude, which corresponds to **A**. The internal reinterpretation (B or D) is also possible but is not as directly observable or actionable as A.

**Most Likely Answer Index**: 
[[A]]",A,11,D,"Jianning and Mingkai are the co-captains of the football team. They still lack one team member. They joke that the remaining unselected players are ""the best players"". After a while, Mingkai does not speak, winks at Jianning, and then looks at Taotao, Taotao is one of the remaining unselected players. Mingkai turns his head and smiles at Jianning. Jianning nods his head, chooses Taotao to join their team. Taotao sees the wink and smile of Mingkai and Jianning.",What does Taotao do next?,"He walks towards Jianning and Mingkai, extends his hand, and shows a positive and friendly attitude.","He talks to a good friend about his feelings, seeks support and comfort.","He reinterprets this situation in a positive way, such as considering himself as a ""hidden treasure"" or ""secret weapon"", not the last one to be selected.","He shifts his attention to the upcoming game, not focusing on the order of being selected.",Emotion Regulation
,"To determine the most likely answer, let's analyze the given story and question step by step.

1. **Understanding the story**: The story involves Xiaogang and Xiaoming in a bedroom where they see three items: a handbag, a briefcase, and a backpack. It's mentioned that they find cabbage in the handbag. Later, Xiaoming leaves the bedroom, and Xiaogang moves the cabbage to the backpack.

2. **Identifying key information**: The key information here is that ""they find cabbage in the handbag"" and then Xiaogang moves this cabbage to the backpack.

3. **Analyzing the question**: The question asks, ""Where is the cabbage before?"" This implies we need to identify the location of the cabbage before Xiaogang moved it.

4. **Relating the story to the question**: Since Xiaogang moved the cabbage to the backpack, the location of the cabbage before this action is crucial. The story clearly states that the cabbage was found in the handbag before it was moved.

5. **Examining the answer options**: The candidate answers are A. Tote bag, B. Briefcase, C. Backpack, D. Briefcase. We need to match the information from the story to these options.

6. **Matching the story to the answer options**: The story mentions a ""handbag,"" not a ""tote bag."" However, a ""tote bag"" is often considered synonymous with a ""handbag."" The cabbage was in the handbag before being moved. So, we need to find the closest match.

7. **Making a decision**:
   - A. Tote bag: This is the closest match to ""handbag"" as both terms are often used interchangeably to refer to a type of bag.
   - B. Brief",,13,B,"Xiaogang and Xiaoming are wandering in the bedroom, they see a handbag, a briefcase, and a backpack, they find cabbage in the handbag, Xiaoming leaves the bedroom, Xiaogang moves the cabbage to the backpack.",Where is the cabbage before?,Tote bag,Handbag,Briefcase,Backpack,False Belief Task
,"To determine Xinxin's real feelings about going to her friend's party, let's analyze the given information step by step.

1. **Xinxin wants to go to her friend's party tonight**: This indicates that Xinxin is interested in attending the party, suggesting a positive inclination towards the event.

2. **She has a stomachache**: This is a negative factor that could prevent her from going to the party. Having a stomachache is typically associated with discomfort or illness.

3. **She knows that if she tells her mother she has a stomachache, her mother will not let her go**: This implies that Xinxin's mother is cautious and protective, likely not allowing her to go out if she's not feeling well.

4. **She tries to hide her feelings (or the fact that she has a stomachache) so her mother lets her go to the party**: This action indicates that Xinxin's desire to attend the party is strong enough that she is willing to conceal her current state of health to achieve her goal.

5. **Analyzing the given answer options in the context of Xinxin's situation**:
   - A. Sad
   - B. Happy
   - C. Disappointed
   - D. Happy (This is a repeated option, likely a mistake in the question formatting.)

Given that Xinxin wants to go to the party and is willing to hide her stomachache to do so, it suggests she is eager or looking forward to the party. However, she is also experiencing a stomachache, which is an unpleasant condition.

The real feelings of Xinxin can be inferred by understanding her situation: she is not feeling well but wants to go to the party. The fact that she is trying to hide her condition to attend the party indicates her strong desire to be there. However, having a stomachache is not a positive feeling.

Let's assess the options:
- **B. Happy** and **D. Happy**: While Xinxin wants to go to the party, indicating some level of happiness or eagerness, her having a stomachache complicates this. She is not entirely happy because she is in discomfort.
- **A. Sad**: There's no direct indication that Xinxin is sad; her primary emotion seems to be related to her desire to attend the party.
- **C. Disappointed**: This could be a plausible answer because if Xinxin couldn't go to the party due to her mother's disapproval (based on her health), she would likely feel disappointed. The fact that she's trying to hide her condition to go suggests that she would be disappointed if she couldn't attend.

Considering Xinxin's situation and the available options, the most likely real feeling she is experiencing is related to her desire to attend the party despite not feeling well. The closest emotional state reflecting her situation (wanting to go but not feeling well, and being willing to hide it) is disappointment, as it reflects the potential consequence (not being able to go) she is trying to avoid.

Therefore, the step-by-step reasoning leads to the conclusion that Xinxin's real feelings are best captured by the option that reflects a negative emotional state related to not being able to achieve her goal (going to the party), which is disappointment.

[[C]]",C,16,A,"Xinxin wants to go to her friend's party tonight, but she has a stomachache. She knows, if she tells her mother she has a stomachache, her mother does not let her go. She tries to hide her feelings, so her mother lets her go to the party.",What are Xinxin's real feelings?,Sad,Scared,Happy,Disappointed,Hidden emotions
,"To determine why Xinxin's true feeling is sad, let's analyze the given story and the candidate answers step by step.

1. **Understanding the Story**: Xinxin wants to attend her friend's party but has a stomachache. She doesn't want her mother to know about her stomachache because she believes that if her mother knows, she won't be allowed to go to the party. So, Xinxin hides her stomachache to attend the party.

2. **Identifying Xinxin's Feelings**: The story directly states that Xinxin has a stomachache, which is a negative physical condition. It implies she is not feeling well.

3. **Analyzing the Candidate Answers**:
   - **A. Because she does not like parties**: The story doesn't support this. Xinxin wants to go to the party, indicating she likely enjoys or is looking forward to it.
   - **B. She cannot attend the party**: This is incorrect based on the story. Xinxin is trying to attend the party by hiding her condition.
   - **C. Because she fears her mother worries**: This is a plausible reason. Xinxin is hiding her condition to avoid not being allowed to go to the party, suggesting she is aware that her mother might worry or be concerned if she knew about her stomachache.
   - **D. She cannot attend the party**: This is a repetition of option B and is incorrect for the same reason.

4. **Reasoning**: Xinxin's sadness or negative feeling isn't directly because she doesn't want to go to the party (since she wants to attend it) or because she cannot attend it (since she's making an effort to go). The most plausible reason related to her feeling sad or having a negative emotion is related to her situation or condition. Given that she is hiding her condition to attend the party, it suggests that she is aware of the potential consequences of her mother finding out (not being allowed to go), and possibly, she is also not feeling well, which could be a source of distress.

5. **Choosing the Most Likely Answer**: The story implies that Xinxin is experiencing distress or a negative feeling due to her condition (stomachache) and her decision to hide it. The closest interpretation related to the given options is that her true feeling is sad because of the context of her situation, which involves not wanting her mother to worry (as that would prevent her from going to the party) or possibly being in discomfort. 

Given the options and the context, **C. Because she fears her mother worries** is the most plausible reason for Xinxin's sadness or negative feeling. It aligns with the narrative that she is hiding her condition to avoid her mother's concern, which indirectly suggests that her feeling is related to the situation she's in and the potential worry it causes her.

**[[C]]**",C,17,B,"Xinxin wants to go to her friend's party tonight, but she has a stomachache. She knows, if she tells her mother she has a stomachache, her mother does not let her go. She tries to hide her feelings, so her mother lets her go to the party.",Why is Xinxin's true feeling sad?,Because she does not like parties,Because of the stomachache,She cannot attend the party,Because she fears her mother worries,Hidden emotions
,"To determine the real meaning George wants to express when he interrupts Angela by saying, ""Ah, I experience a long and hot highway trip,"" let's analyze the given information and the context step by step.

1. **Context Understanding**: George has just arrived at Angela's office after a long and hot highway trip. Angela starts discussing business ideas immediately upon his arrival.

2. **George's Statement**: George interrupts Angela to mention his trip. The fact that he interrupts Angela indicates that his statement is not just a casual or irrelevant comment but is intended to convey a specific message or need related to his current state or the situation.

3. **Analyzing the Options**:
   - **A. George wants to say he does not want to listen to any of Angela's ideas**: While George interrupts Angela, there's no direct indication that he doesn't want to listen to her ideas. The interruption could be to address his current state or need rather than dismissing her ideas outright.
   - **B. George wants to say, ""Can I drink something?"" or ""Can we rest a few minutes before we start talking about business?""**: This option suggests that George is hinting at needing a break or refreshment due to his tiring trip. It's a plausible reason for interrupting Angela, as it relates to his condition after the trip.
   - **C. George wants to complain to Angela about his trip**: While George mentions his trip, the context doesn't strongly suggest that his primary intention is to complain. The mention of the trip could be a precursor to a request or a statement about his current state rather than a complaint.
   - **D. George wants to say, ""Can I drink something?"" or ""Can we rest a few minutes before we start talking about business?""**: This is a repetition of option B.

4. **Reasoning**:
   - George's interruption is likely aimed at addressing his immediate needs or state after the trip.
   - The fact that he mentions the trip suggests it's relevant to his current condition or what he needs at the moment.
   - Options B and D are identical and suggest a plausible interpretation: George is hinting at needing a break or refreshment. This aligns with a common social cue where someone mentions their tiredness or discomfort as a prelude to requesting a pause or refreshment.

5. **Conclusion**: Given that options B and D are the same, and there's a logical basis for interpreting George's statement as a hint towards needing a break or refreshment, the most likely answer is either B or D. Since D is a repetition of B, we can consider them as representing the same choice.

The most likely answer index is **[[B]]**.

**Step-by-step reasoning output**:
1. Understand the context: George arrives tired and hot.
2. Analyze George's interruption: It's related to his state.
3. Evaluate the options: B (or D) is the most plausible as it relates to his condition.
4. Choose the most likely answer based on the analysis.

**[[B]]**",B,18,C,"After experiencing a long and hot highway trip, George arrives at Angela's office. Angela immediately starts to talk about some business ideas. George interrupts Angela, saying, ""Ah, I experience a long and hot highway trip.""",What is the real meaning George wants to express?,George wants to say he does not want to listen to any of Angela's ideas,George wants Angela to provide some travel advice,"George wants to say, ""Can I drink something?"" or ""Can we rest a few minutes before we start talking about business?""",George wants to complain to Angela about his trip,Hinting Task Test
,"To determine what George hopes Angela does based on the given story, let's analyze the information step by step.

1. **Understanding the Context**: George arrives at Angela's office after a long and hot highway trip. This establishes that George is likely feeling tired and uncomfortable due to the heat.

2. **Analyzing George's Actions and Statements**: Upon arrival, Angela starts discussing business ideas. However, George interrupts her, stating that he has just experienced a long and hot highway trip and then adds that he is thirsty. 

3. **Interpreting George's Statements**: By saying ""I experience a long and hot highway trip,"" George is essentially reiterating the condition he has just endured, which was already known. The key information is his follow-up statement, ""I am thirsty."" This indicates that George is currently uncomfortable, likely due to the heat and possibly dehydration from the trip.

4. **Inferring George's Needs**: Given that George mentions being thirsty after a hot trip, it can be inferred that he is seeking some form of relief or comfort. The most immediate needs that can be inferred from his statement are hydration (something to drink) and possibly a cooler environment.

5. **Evaluating the Answer Options**:
   - A. Angela provides a detailed report: This does not directly address George's immediate discomfort or needs.
   - B. Angela shares more business ideas with him: George interrupts Angela when she starts talking about business ideas, suggesting he is not immediately receptive to this.
   - C. Angela turns on the air conditioning for him: This directly addresses George's discomfort due to the heat, making the environment more comfortable for him.
   - D. This option is a repetition of B, likely a typographical error in the options provided.

6. **Choosing the Most Likely Answer**: Given George's expressed discomfort and thirst after a hot trip, the most reasonable inference is that he is seeking relief from his current state. While getting a drink is not an option, making the environment cooler (turning on the air conditioning) is a plausible action Angela could take to make George more comfortable.

7. **Conclusion**: The most likely action George hopes Angela will do, based on his statement and the context, is to make his current environment more comfortable. Thus, the most appropriate response from Angela would be to turn on the air conditioning.

[[C]]",C,19,B,"After experiencing a long and hot highway trip, George arrives at Angela's office. Angela immediately starts to talk about some business ideas. George interrupts Angela, saying, ""Ah, I experience a long and hot highway trip."" Then George adds, ""I am thirsty.""",What does George hope Angela does?,Angela provides a detailed report,Angela gives him a drink,Angela shares more business ideas with him,Angela turns on the air conditioning for him,Hinting Task Test
,"To determine what Tara is likely imitating, let's analyze the given information step by step.

1. **Tara's Environment and Actions**: Tara lives in an underwater city called Aquatica. The story highlights that there are no birds or flying creatures in Aquatica, but it's full of marine life. Tara is observed swinging its arms up and down, similar to the flapping of bird wings.

2. **Understanding Tara's Action**: The action of swinging its arms up and down is described as being similar to the flapping of bird wings. This indicates that Tara is trying to imitate a flying motion or action, even though it doesn't directly relate to its underwater environment.

3. **Analyzing the Options**:
   - **A. Fish sliding fins**: Fish do move their fins to swim, but the description of Tara's action as ""swinging its arms up and down"" doesn't directly correlate with the typical motion of fish fins, which is more about moving back and forth or side to side.
   - **B. Butterfly flapping wings**: Butterflies flap their wings, and this action is similar to the flapping of bird wings in the sense that both involve moving wings up and down to generate lift or motion. However, the story doesn't directly mention Tara imitating a butterfly.
   - **C. Bat in flight**: Bats are flying creatures that flap their wings to fly. Like birds, their flight involves a similar up-and-down motion of their wings. Since Tara is imitating the flapping of bird wings, it's plausible that Tara could also be imitating a bat in flight, as both involve a similar motion.
   - **D. Butterfly flapping wings**: This is a repetition of option B, likely a typographical error in the options provided.

4. **Making an Inference**: Given that Tara is imitating the flapping of bird wings and knowing that there are no birds or flying creatures in Aquatica, we need to consider what Tara could be imitating based on its knowledge or programming. Since both birds and bats flap their wings to fly, and given that Tara is in an environment without flying creatures, the most likely action Tara is imitating is related to flying.

5. **Choosing the Most Likely Answer**: 
   - Options B and D are the same, suggesting a potential error in the question formatting. However, they both refer to ""Butterfly flapping wings.""
   - Between the distinct options, **C. Bat in flight** is the most plausible because it involves a flying creature that flaps its wings, similar to birds.

Given the information and the process of elimination, the most likely answer is **C. Bat in flight** because it is the only option that involves a flying creature that uses a similar motion to birds.

[[C]]",C,23,A,"Tara is a curious robot, living in an underwater city called Aquatica in the deep sea. In Aquatica, there are no birds or flying creatures, and Tara never understands them. However, Aquatica is full of all kinds of marine life. Tara is doing imitation behavior: it swings its arms up and down gracefully, like a forward motion, very similar to the flapping of bird wings.",What is Tara likely imitating?,Fish sliding fins,Soaring eagle,Butterfly flapping wings,Bat in flight,Knowledge-pretend play links
,"To determine Emily's emotional state after realizing she took the wrong book and deciding not to return it, let's analyze the given information and the answer choices step by step.

1. **Understanding Emily's Actions**: Emily initially intends to borrow a specific book from the library but finds it is already borrowed. She mistakenly takes a book with a similar cover, thinking it's the same one. Upon realizing her mistake at home, she decides not to return the book.

2. **Analyzing Emily's Emotional State**: The key to answering this question lies in understanding Emily's feelings after she realizes her mistake. The story states that Emily is ""too lazy to return it,"" which implies a certain level of indifference or convenience-seeking behavior. However, it also involves understanding the moral implications of her actions.

3. **Examining the Answer Choices**:
   - **A. Emily possibly feels indifferent, because she finds a book she wants to read, and she doesn't want to bother herself to go back and return the book.** This option suggests that Emily's primary feeling is indifference, driven by her desire not to inconvenience herself. While it's true she doesn't return the book due to laziness, it doesn't fully capture the emotional complexity of knowingly keeping a book that doesn't belong to her.
   - **B. Emily possibly feels guilty and uneasy, because she knows she takes the wrong book, but she doesn't want to take the trouble to return it.** This option acknowledges that Emily might experience negative emotions due to her awareness of having taken the wrong book. It suggests an internal conflict between her actions and her moral understanding.
   - **C. Emily possibly feels satisfied, because she thinks she accidentally finds a new book, and considers this as a kind of luck.** While Emily might initially feel lucky or satisfied upon discovering a new book, this option doesn't directly address her feelings about knowingly keeping a book that doesn't belong to her.
   - **D. Emily possibly feels guilty and uneasy, because she knows she takes the wrong book, but she doesn't want to take the trouble to return it.** This is a repetition of option B, suggesting a strong likelihood that this emotional state is a plausible answer.

4. **Reasoning and Conclusion**: Emily's decision not to return the book after realizing it's not the one she intended to take implies a level of moral awareness. The fact that she knows it's the wrong book and still chooses not to return it could evoke feelings of guilt or unease. The story highlights that Kate is aware of the book's importance to a blind person, which adds a layer of moral complexity to Emily's actions. Although the story doesn't directly state Emily's feelings, it's reasonable to infer that knowingly keeping someone else's property, especially when it might be important to someone else (as Kate's knowledge suggests), could lead to feelings of guilt or unease.

Given the analysis, the most plausible emotional state for Emily is feeling guilty and uneasy due to her awareness of taking the wrong book and choosing not to return it. Both options B and D suggest this, but since D is a repetition of B, it reinforces the likelihood of this emotional state.

The final answer is [[B]].",B,24,A,"Emily finds a book she really wants to read in the library, but discovers the book is already borrowed by someone else. Emily sees a book with a similar cover next to it, thinks it is the same book, and takes it away. When she gets home, Emily realizes it is a different book, but she is too lazy to return it. At the same time, Kate is busy working in the library. She knows this book belongs to a blind person who is waiting for this book. Kate gets tricked by a blind person she doesn't know not long ago, she notices Emily takes the wrong book, but she chooses not to tell Emily.",What kind of emotion does Emily feel after she realizes she takes the wrong book and decides not to return it?,"Emily possibly feels indifferent, because she finds a book she wants to read, and she doesn't want to bother herself to go back and return the book.","Emily possibly feels frustrated, because she can't read the book she originally wants to read.","Emily possibly feels guilty and uneasy, because she knows she takes the wrong book, but she doesn't want to take the trouble to return it.","Emily possibly feels satisfied, because she thinks she accidentally finds a new book, and considers this as a kind of luck.",Moral emotions
,"To determine the most likely action Tom takes after helping the aunt pick apples, let's analyze the given story and the available options.

1. **Understanding the Story**: Tom finds money on his way home and is happy. He then meets an aunt who offers him money to help pick apples. Tom decides to help the aunt.

2. **Analyzing the Options**:
   - **A. Tom goes to the park to play.** There is no information in the story that suggests Tom's plans or actions after helping the aunt are related to going to the park. This seems unrelated to the context of helping the aunt.
   - **B. Tom helps the aunt make apple pie.** This is a plausible action as it is related to the activity Tom is doing (picking apples). However, the story does not directly mention making apple pie.
   - **C. Tom donates the money to a charity.** The story mentions Tom finding money and then being offered more money for helping the aunt. It doesn't specify what Tom does with the money he receives or finds. Donating to charity is not directly related to the actions described.
   - **D. Tom gets the money.** The correct interpretation is likely ""Tom gets the money"" or a related action, but the exact wording of this option is not available. However, **D. Tom helps the aunt make apple pie** is provided, which is very similar to option B.

3. **Reasoning**:
   - The story implies that Tom is involved in an activity with the aunt (picking apples), and it's reasonable to infer that the activity might continue or be followed by a related task.
   - Both **B** and **D** suggest Tom helps the aunt make apple pie, which is a plausible next step after picking apples. Since **B** and **D** are identical in meaning, they are equally plausible based on the context that picking apples could be followed by making something with the apples.
   - The duplication of the action in **B** and **D** (""Tom helps the aunt make apple pie"") means that if this is the correct action, both are correct. However, we need to choose one.

4. **Choosing the Most Likely Answer**:
   - Given that **B** and **D** are the same in terms of the action described and are related to the context (picking apples), either could be considered a likely next step.
   - Since **B** and **D** are identical, it doesn't matter which one is chosen; the content is the same.

5. **Output**:
   - The most likely action related to the context provided is helping the aunt with a task related to the apples they picked. Therefore, either **B** or **D** could be a reasonable choice.
   - To follow the instructions, I will randomly pick between **B** and **D** since they are the same.

Given the instructions and the analysis, I will output: 
[[D]] 

Reasoning summary: Tom is involved in picking apples, and a plausible next action is helping with a related task like making apple pie, which is offered in both **B** and **D**. Since they are the same, **D** is chosen as per the requirement to select one of the given options.",D,26,B,"The little boy Tom finds some money on his way home from school. He is very happy and starts to think about how to use this money. As he walks, he meets an aunt. The aunt says to him, ""Tom, if you help me pick apples, I give you some money."" So Tom decides to stay at the aunt's house to help pick apples.",What does Tom do after he helps the aunt pick apples?,Tom goes to the park to play.,Tom goes to the store to buy things.,Tom helps the aunt make apple pie.,Tom donates the money to a charity.,Multiple desires
,"To determine the most likely action Mark takes after helping Lenny with his math homework, let's analyze the given information step by step.

1. **Understanding Mark's Initial Goal**: The story begins with Mark wanting to eat a hamburger at lunchtime. He is on his way to the school cafeteria to buy one.

2. **The Deal with Lenny**: Lenny offers Mark a hamburger if Mark helps him with his math homework. This implies that Lenny will give Mark a hamburger as a reward for his help.

3. **Mark's Decision**: Mark decides to help Lenny with his math homework. This decision is motivated by the promise of getting a hamburger.

4. **Analyzing the Options**:
   - **A. Mark continues to go to the cafeteria to buy a hamburger**: Initially, Mark was going to buy a hamburger. However, after helping Lenny, he is supposed to receive a hamburger from Lenny. So, it's less likely he would still need to buy one unless Lenny fails to deliver. The story implies that Mark's goal is achieved by helping Lenny.
   - **B. Mark goes to the library to read**: There's no information in the story that suggests Mark has a habit of going to the library or that he is inclined to do so after helping Lenny.
   - **C. Mark goes to the playground to play**: Similar to option B, there's no information suggesting Mark goes to the playground after helping Lenny. However, it's a plausible action as it could be a common activity for a student after finishing a task or getting a reward.
   - **D. Mark goes to the library to read**: This is a repetition of option B, likely a typographical error in the given options.

5. **Reasoning**: Since Mark helped Lenny with the expectation of receiving a hamburger, the most logical outcome is that he would receive the hamburger. The story doesn't directly state what Mark does after receiving the hamburger, but it implies that his initial goal (getting a hamburger) is fulfilled. Therefore, the action that directly follows from the story's context is related to his initial goal being achieved.

6. **Choosing the Most Likely Action**: 
   - Mark's initial goal is achieved (getting a hamburger) after helping Lenny. 
   - There's no direct indication that he would go to the library (B or D) or the playground (C) as a consequence of helping Lenny.
   - The most straightforward interpretation is that since Mark's goal is achieved, he doesn't need to go to the cafeteria (A) anymore because he is supposed to get the hamburger from Lenny.

However, upon closer inspection, the options don't directly relate to ""receiving a hamburger"" or an action that directly follows from the story's context. We need to infer based on the available choices.

Given that Mark's goal is achieved, and there's no clear indication of what he does next based on the story, we can still make an educated guess. Since ""D. Mark goes to the library to read"" is a duplicate of ""B. Mark goes to the library to read"", it seems like a typographical error, and we should consider the unique options.

The most likely action isn't directly stated, but we can eliminate or consider the options based on the context. Mark has achieved his goal (getting a hamburger), so going to the cafeteria (A) might not be necessary. Between B, C, and the duplicate D, ""C. Mark goes to the playground to play"" is a plausible next activity for a student who has achieved his immediate goal, as it is a common activity for students during their free time.

**Step-by-Step Conclusion**: 
1. Mark wants a hamburger and is on his way to buy one.
2. He helps Lenny in exchange for a hamburger.
3. After helping Lenny, his goal is achieved (he gets a hamburger).

Since there's no clear next step from the story and all options seem plausible or implausible based on different assumptions, the most straightforward next step isn't directly supported by the given options.

**Most Likely Answer Index**: 
Given the context and available choices, and acknowledging that there's no direct evidence for the next action, a plausible next activity could be going to the playground as it's a common activity. However, the story doesn't directly support any of the given actions as the next step.

Thus, based on the elimination and the context that Mark has achieved his goal, a random or reasoned choice among the given options is required.

The final answer is [[C]].",C,27,B,"The little boy Mark always wants to eat a hamburger at lunchtime. When he walks to the school cafeteria to buy a hamburger, his good friend Lenny comes to him and says, ""Mark, if you help me answer a few questions on my math homework, I give you a hamburger."" So Mark decides to help Lenny with his math homework.",What does Mark do after he helps Lenny finish his math homework?,Mark continues to go to the cafeteria to buy a hamburger,Mark eats the hamburger from Lenny,Mark goes to the library to read,Mark goes to the playground to play,Multiple desires
,"To determine the most likely answer, let's analyze the given story and the options provided.

1. **Understanding the Context**: The story revolves around Xiao Hong, a 6-year-old child, who wants to go to the amusement park on a Saturday. Her Dad is hesitant because he thinks the amusement park is too noisy.

2. **Analyzing the Task**: The task is to figure out how Xiao Hong can persuade her Dad to change his mind or find an alternative that works for everyone.

3. **Evaluating the Options**:
   - **A. Xiao Hong can look up some information, proving that the current amusement parks take many measures to reduce noise, such as setting up soundproof walls, using quieter equipment, etc.** This is a plausible action for Xiao Hong if she were older or had the capability to research and present information effectively. However, given that Xiao Hong is only 6 years old, it's less likely she can conduct such research or present it convincingly.
   
   - **B. If Dad really does not want to go to the amusement park, Xiao Hong can suggest going to other places, such as parks or zoos, so everyone is happy.** This is a reasonable and child-friendly approach. It shows compromise and understanding of her Dad's concerns. However, it doesn't directly address the issue of noise at the amusement park.
   
   - **C. Xiao Hong can suggest: ""How about we go in the early morning or on weekdays? I hear that there are fewer people at that time, and it is quieter. We can avoid peak hours, and get a quieter experience.""** This option directly addresses Dad's concern about noise by suggesting a visit at a less crowded (and presumably quieter) time. It shows a level of understanding of her Dad's concern and an attempt to find a compromise. While a 6-year-old might not typically come up with this solution on their own, it's a feasible suggestion given the context.
   
   - **D. If Dad really does not want to go to the amusement park, Xiao Hong can suggest going to other places, such as parks or zoos, so everyone is happy.** This is identical to option B, suggesting a potential error in the options provided.

4. **Reasoning and Conclusion**: 
   - Given Xiao Hong's age (6 years old), it's less likely she would be able to conduct research or present complex information (making **A** less likely).
   - Both **B** and **D** offer the same solution: suggesting alternative places. This is a simple and reasonable approach for a child. However, it doesn't directly address Dad's concern about noise.
   - **C** directly addresses the concern about noise by suggesting a visit at a less crowded time. While it might be a bit sophisticated for a 6-year-old to come up with this on their own, it's a direct response to the Dad's concern.

Since **B** and **D** are identical, and assuming there was an intention to provide diverse options, we can consider **C** as a unique and relevant response that directly addresses the Dad's concern. However, we must remember that the task is to choose the most likely answer based on the given options.

Given the context and the need to select one of the provided options, and noting that **B** and **D** are the same, the most straightforward and child-like response would be to suggest an alternative, as in **B** (or **D**).

Therefore, the step-by-step reasoning leads to the conclusion that either **B** or **C** could be a reasonable choice based on different assumptions about Xiao Hong's capabilities. However, since **B** (or **D**) is more aligned with a simple, child-friendly approach and directly offers a compromise, it's a viable choice.

Let's choose **C** as it directly addresses the concern and shows a form of problem-solving, even though it might be a bit advanced for a 6-year-old. The presence of duplicate answers (**B** and **D**) doesn't affect the reasoning for **C** being a potentially correct answer based on its content.

[[C]]",C,30,B,"Xiao Hong is a 6-year-old child. Today is Saturday. Mom and Dad have free time today, they do not know what they can do together. Maybe go for ice cream? Xiao Hong really, really wants to go to the amusement park today. However, Dad thinks the amusement park has a lot of noise. He says: ""Xiao Hong, this is not a good idea. I think there is a lot of noise in the amusement park.""",How does Xiao Hong persuade her dad?,"Xiao Hong can look up some information, proving that the current amusement parks take many measures to reduce noise, such as setting up soundproof walls, using quieter equipment, etc.","Xiao Hong can tell her dad that she has not been to the amusement park for a long time, this is a very special wish for her, she really wants to go.","If Dad really does not want to go to the amusement park, Xiao Hong can suggest going to other places, such as parks or zoos, so everyone is happy.","Xiao Hong can suggest: ""How about we go in the early morning or on weekdays? I hear that there are fewer people at that time, and it is quieter. We can avoid peak hours, and get a quieter experience.""",Persuasion Story Task
,"To determine the most likely answer, let's analyze the given story and the options provided.

1. **Understanding the Context**: Zhang San and Li Si are college roommates looking for something to do on a weekend. Zhang San wants to go to the amusement park, but Li Si is hesitant because he thinks there will be too many people.

2. **Identifying Li Si's Concern**: Li Si's main concern is the potential overcrowding at the amusement park. Any convincing argument from Zhang San would likely need to address this concern directly or indirectly.

3. **Analyzing the Answer Options**:
   - **A. ""We can go first, if we feel there are too many people, then we look for other places to play.""** This option directly addresses Li Si's concern by suggesting a flexible plan that doesn't commit them to staying if it's too crowded.
   - **B. ""Do you remember last time we want to go on that new roller coaster, but we do not have time? This time we have the chance, if we miss it, we do not know when the next time is.""** This option, and its duplicate **D**, tries to convince Li Si by highlighting a missed opportunity from the past and the uncertainty of when they might have another chance. It doesn't directly address Li Si's concern about overcrowding but appeals to the potential regret of missing out on an experience.
   - **C. ""Actually, I hear that the snacks in the amusement park are very delicious, even if there are many people, we can go to eat.""** This option acknowledges Li Si's concern about overcrowding but shifts the focus to a different aspect of the amusement park experience (the food), suggesting that there's still a positive experience to be had despite the crowds.

4. **Evaluating the Effectiveness of Each Option**:
   - Options B and D are essentially the same, making D redundant. They both appeal to Li Si's sense of missing out on a potentially enjoyable experience (riding the new roller coaster) and imply that this opportunity is more important than the concern about crowds.
   - Option A directly addresses Li Si's concern by offering a low-risk trial (going to the amusement park with the option to leave if it's too crowded).
   - Option C also acknowledges the concern about crowds but focuses on a different benefit (delicious snacks), somewhat downplaying the issue of overcrowding.

5. **Choosing the Most Likely Answer**:
   - Given that Li Si's concern is about overcrowding, the most effective argument would either directly address this concern or offer a compelling reason to overlook it.
   - **Option A** directly addresses the concern by suggesting they can leave if it's too crowded, making it a practical and risk-free suggestion.
   - **Options B and D** are persuasive by highlighting a potential missed opportunity, which can be a strong motivator.
   - **Option C** offers an alternative positive aspect of visiting the amusement park, which might not directly counter Li Si's concern but provides a different reason to go.

Given the information and the need to select the most likely answer, **Option B (or D, since they are the same)** presents a persuasive argument that doesn't directly address Li Si's concern about crowds but provides a compelling reason to go to the amusement park nonetheless. It taps into the emotional aspect of potentially missing out on an experience they both wanted to have.

Since B and D are identical and effectively the same answer, and given that the task requires choosing one of the provided options, the step-by-step reasoning leads to the conclusion that either B or D is a strong candidate. 

The final answer is [[B]].",B,31,C,"Zhang San and Li Si are college roommates. Today is the weekend, a rare rest day, they do not know where to go for fun. Zhang San suggests going to the amusement park, he really wants to go. However, Li Si worries that there are too many people.",How does Zhang San convince Li Si to go to the amusement park?,"We can go first, if we feel there are too many people, then we look for other places to play.","Li Si, a crowd means it is lively, if we queue, we can chat and play with our phones while queuing, it is not boring.","Do you remember last time we want to go on that new roller coaster, but we do not have time? This time we have the chance, if we miss it, we do not know when the next time is.","Actually, I hear that the snacks in the amusement park are very delicious, even if there are many people, we can go to eat.",Persuasion Story Task
,"To determine the most likely answer, let's analyze the given story and the question step by step.

1. **Understanding the Context**: Dongdong and Xixi are fixing a car in the park because they are planning a weekend outing. They are undecided about where to go.

2. **Identifying the Problem**: The problem they are facing is deciding on a destination for their outing.

3. **Introduction of a New Character**: Nannan passes by while they are discussing their plans.

4. **Dongdong's Action**: Dongdong stops Nannan and asks him to come over to see the car they are fixing.

5. **Analyzing Dongdong's Intention**: 
    - The story mentions that Dongdong and Xixi are discussing where to play but haven't come up with a good idea. This indicates they are looking for suggestions or ideas.
    - Dongdong stops Nannan and asks him to come over. The action of stopping Nannan and asking him to see the car could be a pretext for initiating a conversation.
    - The fact that they are fixing a car together and are undecided on a destination suggests that Dongdong might be looking for a distraction or a way to get Nannan involved in their conversation, potentially to get his input on their dilemma.

6. **Evaluating the Answer Choices**:
    - **A. Ask Nannan to help him fix the car**: While Dongdong asks Nannan to come over to see the car, the story doesn't directly indicate that Nannan is being asked for help with fixing the car. It seems more like an invitation to interact.
    - **B. Ask Nannan to give them an idea of where to play**: This aligns with the context that Dongdong and Xixi are looking for a place to go for their outing. Stopping Nannan could be a way to engage him in a conversation that might lead to getting suggestions.
    - **C. Dongdong hopes to show off their car repair skills to Nannan**: While this is a possible interpretation, the story doesn't directly support that showing off is the primary motivation. The focus is more on their discussion about where to go.
    - **D. Ask Nannan to give them an idea of where to play**: This is a repetition of option B, likely a typographical error in the options provided.

7. **Conclusion**: Given that Dongdong and Xixi are struggling to decide on a destination and that Dongdong initiates a conversation with Nannan, the most plausible reason is that Dongdong is seeking Nannan's input or suggestion regarding their plans. Thus, the most likely answer is **B. Ask Nannan to give them an idea of where to play**.

[[B]]",B,32,C,"Dongdong and Xixi are fixing a car in the park, preparing for a weekend outing. They are always discussing where to play, but neither of them comes up with a good idea. At this time, Nannan passes by, and Dongdong then stops Nannan and asks him to come over to see the car they are fixing. Nannan sees their interaction and still walks over.",What does Dongdong want to do?,Ask Nannan to help him fix the car,Invite Nannan to go out with them,Ask Nannan to give them an idea of where to play.,Dongdong hopes to show off their car repair skills to Nannan.,Prediction of actions
,"To determine Zhiwei's next action after noticing Mingda, let's analyze the given information step by step.

1. **Zhiwei and Xiaolan are planning a trip together**: They are engaged in a discussion about their travel plans, indicating they are in the process of deciding on details such as the destination or activities.

2. **Mingda is listening to their discussion from behind without being invited**: This implies that Mingda's presence is known to Zhiwei, and potentially could be perceived as intrusive or unwanted since he wasn't invited to join the planning or the trip.

3. **Zhiwei notices Mingda and glances at Xiaolan**: This action by Zhiwei suggests that he is aware of Mingda's presence and wants to communicate something to Xiaolan about it. The glance could imply a range of things, including alerting Xiaolan to Mingda's presence or seeking her reaction or response to the situation.

4. **Xiaolan sees Zhiwei's glance, shakes her head, and continues to look at the travel guide**: Xiaolan's response indicates that she understands Zhiwei's glance is related to Mingda. By shaking her head, Xiaolan is likely signaling to Zhiwei that she doesn't want to acknowledge Mingda's presence or isn't concerned about it. Her continued focus on the travel guide suggests she wants to maintain their current activity without interruption.

Given these observations, let's analyze the possible actions Zhiwei might take next based on the provided answer choices:

- **A. Ignores Mingda, continues to discuss travel plans with Xiaolan**: This is a plausible action since Xiaolan has indicated she doesn't want to make an issue out of Mingda's presence by shaking her head and continuing with their plans.

- **B. Suggests to Xiaolan to change a place to avoid Mingda discussing travel plans**: This option and **D** are essentially the same, suggesting a potential typo or redundancy in the options provided. However, the idea of suggesting a change of location to avoid Mingda is a possible reaction, given Zhiwei's initial glance at Xiaolan.

- **C. Tells Xiaolan about Mingda**: Zhiwei has already glanced at Xiaolan, which can be seen as a non-verbal way of telling her about Mingda. However, Xiaolan has responded by shaking her head, indicating she is aware and doesn't want to engage with the issue.

- **D. Suggests to Xiaolan to change a place to avoid Mingda discussing travel plans**: As mentioned, this is essentially the same as **B**. It suggests that Zhiwei might want to avoid Mingda's presence or influence on their plans.

Considering Zhiwei's action of glancing at Xiaolan after noticing Mingda, and Xiaolan's response of shaking her head and continuing with the travel guide, the most likely next action for Zhiwei is to respect Xiaolan's non-verbal cue and continue with their discussion. 

Therefore, the most reasonable next step for Zhiwei, given Xiaolan's reaction, is to **ignore Mingda and continue discussing their travel plans**. This aligns with Xiaolan's indication that she is not concerned about Mingda's presence.

**Step-by-step reasoning conclusion**: 
1. Zhiwei notices Mingda and alerts Xiaolan.
2. Xiaolan indicates she is not concerned about Mingda.
3. Zhiwei is likely to follow Xiaolan's lead.

Thus, the most likely answer is: **[[A]]**.",A,33,C,"Zhiwei and Xiaolan are planning a short trip, they are sitting on a park bench flipping through a travel guide. Mingda, although not invited to this short trip, still listens to their discussion from behind. Suddenly, Zhiwei notices Mingda on the side, and glances at Xiaolan. Then, Xiaolan sees Zhiwei's look, shakes her head, and continues to look down at the travel guide.","After Zhiwei notices Mingda, what is his next action?","Ignores Mingda, continues to discuss travel plans with Xiaolan.",Invites Mingda to join their discussion.,Suggests to Xiaolan to change a place to avoid Mingda discussing travel plans,Tells Xiaolan about Mingda.,Prediction of actions
,"To solve this, let's analyze the given information and the options step by step.

1. **Understanding the Story**: Laura Company receives letters that almost always contain checks. On this particular day, Laura receives 5 letters and looks at 3 of them, finding checks in 2 out of the 3.

2. **Analyzing the Information**: The key information is that ""Almost every letter to Laura Company contains a check."" This implies a very high probability that any given letter contains a check.

3. **Laura's Observation**: Laura looks at 3 out of 5 letters and finds checks in 2 of them. This means the probability of a letter containing a check, based on her observation, is 2/3.

4. **Inferring the Total Number of Letters with Checks**: Before Laura calls, we have to infer the total number of letters that contain checks out of 5. Given that almost every letter contains a check, the expectation is that a large majority, if not all, of the 5 letters contain checks.

5. **Analyzing the Options**:
   - **A. Before the call, 0 letters contain checks.** This is highly unlikely given that almost every letter contains a check.
   - **B. Before the call, 2 letters contain checks.** This matches Laura's observed ratio (2 out of 3 letters she checked had checks), but we need to consider if it's the most likely given the context that ""almost every letter"" contains a check.
   - **C. Before the call, 4 letters contain checks.** Given that almost every letter contains a check, this is a plausible scenario. If 4 out of 5 letters contain checks, Laura's observation of 2 out of 3 having checks is consistent with this (though not directly proportional, it's within the realm of possibility).
   - **D. Before the call, 2 letters contain checks.** This is a duplicate of option B.

6. **Making an Inference**: 
   - The statement ""almost every letter contains a check"" suggests a high likelihood that the majority of the 5 letters contain checks. 
   - Laura's sample suggests 2 out of 3 letters she looked at contained checks, which supports the idea that a significant portion of the letters contain checks.

7. **Choosing the Most Likely Answer**:
   - Options A is highly unlikely.
   - Options B and D are the same, suggesting 2 letters contain checks. While this matches Laura's observed ratio, it underestimates the ""almost every letter"" condition slightly since 2 out of 5 is not ""almost all.""
   - Option C (4 letters contain checks) aligns more closely with the expectation that ""almost every letter"" contains a check, as 4 out of 5 is a majority and fits the ""almost all"" description.

8. **Conclusion**: Given the information and the context that ""almost every letter"" contains a check, the most plausible scenario before Laura calls is that 4 out of 5 letters contain checks.

The most likely answer index is: [[C]]",C,34,D,"Almost every letter to Laura Company contains a check. Today, Laura receives 5 letters.  Laura tells you on the phone ""I look at 3 out of 5 letters. There are checks in 2 of the letters.","Before Laura calls you, how many of these 5 letters do you think contain checks?","Before the call, 0 letters contain checks.","Before the call, 1 letter contains a check.","Before the call, 2 letters contain checks.","Before the call, 4 letters contain checks.",Scalar Implicature Test
,"To solve this, let's analyze the information given step by step.

1. **Understanding the initial condition**: Laura Company receives letters, and almost every letter contains a check. This implies that the probability of a letter containing a check is very high.

2. **Given information**: Today, Laura receives 5 letters and tells you that out of the 3 letters she looked at, all 3 contain checks.

3. **Analyzing the information**: Since Laura looked at 3 out of 5 letters and found checks in all 3, we can infer that at least 3 letters out of the 5 contain checks.

4. **Considering the remaining letters**: There are 2 letters that Laura did not look at. We need to infer the likelihood of these letters containing checks based on the given that ""almost every letter to Laura Company contains a check."" This statement suggests a high probability of any given letter containing a check.

5. **Evaluating the options**:
   - The statement ""almost every letter contains a check"" implies a high likelihood of the remaining 2 letters containing checks.
   - Therefore, it is reasonable to assume that the 2 unopened letters are likely to contain checks as well, given the general trend.

6. **Calculating the expected number of letters with checks after the call**:
   - We know 3 letters contain checks (as per Laura's observation).
   - For the 2 letters Laura did not look at, given the high probability of containing checks, it is plausible that they also contain checks.

7. **Assessing the answer choices**:
   - A. After the call, 0 letters contain checks. This is highly unlikely given the information.
   - B. After the call, 2 letters contain checks. This suggests that the 3 Laura saw were the ones with checks, and the remaining 2 do not have checks, which contradicts the ""almost every letter"" statement.
   - C. After the call, 4 letters contain checks. This is plausible if we assume that out of the 2 remaining letters, 1 contains a check.
   - D. After the call, 2 letters contain checks. This is a repeat of option B and seems to be a typographical error in the options provided.

8. **Making an inference**:
   - Given that ""almost every letter contains a check,"" it's reasonable to believe that the unopened letters are likely to contain checks. Thus, the total number of letters with checks is likely to be more than 3.
   - The most plausible scenario, given the high likelihood of letters containing checks, is that the remaining 2 letters could also contain checks, making the total 5 or at least more than 3.

9. **Choosing the most likely answer**:
   - Since we have 3 letters confirmed with checks and it's likely that the remaining 2 also contain checks (because ""almost every letter"" does), the total could be 5. However, the options don't include 5, but they do include an option that suggests a high number of checks.
   - Option C (After the call, 4 letters contain checks) is the most plausible given the context. It suggests that out of the 2 letters Laura didn't check, 1 contains a check, which aligns with the high probability of letters containing checks.

10. **Outputting the most likely answer index**:
    The step-by-step reasoning suggests that the most plausible answer is C.

[[C]]",C,35,D,"Almost every letter to Laura Company contains a check. Today, Laura receives 5 letters.  Laura tells you on the phone ""I look at 3 out of 5 letters. There are checks in 3 of the letters.","After Laura calls you, how many of these 5 letters do you think contain checks?","After the call, 0 letters contain checks.","After the call, 1 letter contains a check.","After the call, 2 letters contain checks.","After the call, 4 letters contain checks.",Scalar Implicature Test
,"To determine why Zhang Yang says, ""Oh, yes, a good weather for a picnic!"" after it starts raining and they get soaked, let's analyze the situation and the given options step by step.

1. **Context Understanding**: Zhang Yang and Li Ming are having a picnic, an activity typically associated with good weather. Li Ming suggested the picnic, saying it's a good day for it, but it starts raining, ruining their plans.

2. **Zhang Yang's Reaction**: Upon getting soaked due to the rain, Zhang Yang comments, ""Oh, yes, a good weather for a picnic!"" This statement is ironic because the weather is clearly not good for a picnic; it's raining.

3. **Analyzing the Options**:
   - **A. She lies to agree with Li Ming that today is a good day for a picnic.** This option suggests Zhang Yang is being sarcastic or ironic rather than lying. Her statement is not a straightforward lie but rather an expression of the opposite of what she truly means.
   - **B. She wants to mock herself for choosing this day for a picnic is not a wise choice.** The story does not indicate that Zhang Yang chose the day for the picnic; it was Li Ming's idea. So, this option doesn't directly relate to the information given.
   - **C. She wants to mock Li Ming for saying today is a good day for a picnic.** This option suggests that Zhang Yang's statement is sarcastic, directed at Li Ming's initial assessment of the weather being good for a picnic. Given that Li Ming suggested the picnic because he thought it was a good day for it, and it ended up raining, Zhang Yang's comment can be seen as a form of mocking or expressing disbelief at Li Ming's judgment.
   - **D. She wants to mock herself for choosing this day for a picnic is not a wise choice.** As with option B, there's no indication Zhang Yang was the one who chose the day or suggested the picnic. Thus, this option doesn't align well with the story.

4. **Conclusion**: The most plausible interpretation is that Zhang Yang is being sarcastic. Her comment is directed at Li Ming's earlier statement that it was a good day for a picnic. Since Li Ming was the one who suggested the picnic and commented on the weather, Zhang Yang's sarcasm is most likely aimed at him.

Therefore, the most likely answer is **[[C]]**.

Let's output the step-by-step reasoning and the final answer as required:

Step-by-step reasoning:
1. Understand the context: Li Ming suggested a picnic, saying it's a good day for it.
2. Recognize the irony in Zhang Yang's statement after it rains.
3. Analyze the given options to determine the most likely reason for Zhang Yang's comment.
4. Eliminate options that do not align with the information provided in the story.
5. Conclude that Zhang Yang's comment is sarcastic and directed at Li Ming.

[[C]]",C,37,D,"Zhang Yang and Li Ming are going to have a picnic. This is Li Ming's idea, he says today is a good day for a picnic. But just as they open the food packaging, it starts to rain from the sky, and in a short while, they are all soaked. Zhang Yang is very upset. She says: ""Oh, yes, a good weather for a picnic!""",Why does Zhang Yang say this?,She lies to agree with Li Ming that today is a good day for a picnic.,She lies to comfort Li Ming that today is a good day for a picnic.,She wants to mock herself for choosing this day for a picnic is not a wise choice.,She wants to mock Li Ming for saying today is a good day for a picnic.,Strange Story Task
,"To solve this question, let's analyze the given story and the possible reasons for Xiao Ming's disappointment.

1. **Understanding the context**: Xiao Ming receives a bicycle on his birthday. Typically, receiving a gift on one's birthday is a positive event, and one would expect Xiao Ming to be happy.

2. **Analyzing the disappointment**: The question states that despite receiving a gift, Xiao Ming is very disappointed. This implies that there is a discrepancy between what he expected or wanted and what he actually received.

3. **Evaluating the answer options**:
   - **A. Xiao Ming worries that riding a bicycle affects his studies.** While this could be a valid concern, it doesn't directly relate to being disappointed with the gift itself. It's more about the potential consequences of using the gift.
   - **B. Xiao Ming thinks the color of the bicycle does not match his clothes.** This is a possible reason for disappointment, as it relates to personal taste or preference. However, it's a somewhat superficial reason.
   - **C. Xiao Ming hopes for a computer as a gift, not a bicycle.** This directly addresses a potential mismatch between what Xiao Ming wanted and what he received. If Xiao Ming was hoping for a computer, receiving a bicycle instead could understandably be disappointing.
   - **D. Xiao Ming thinks the color of the bicycle does not match his clothes.** This is a repetition of option B, likely a typographical error in the options provided.

4. **Reasoning**: The most plausible reason for Xiao Ming's disappointment is that he had a different gift in mind, which he preferred or valued more. Among the given options, **C. Xiao Ming hopes for a computer as a gift, not a bicycle** directly addresses this reasoning. It suggests a mismatch between Xiao Ming's expectations and the actual gift.

5. **Conclusion**: Based on the analysis, the most likely reason for Xiao Ming's disappointment is that he was hoping for a different gift, specifically a computer.

[[C]]",C,39,D,Xiao Ming receives a bicycle on his birthday.,"He should be very happy, but he is very disappointed, why?",Xiao Ming worries that riding a bicycle affects his studies.,Xiao Ming fears that riding a bicycle to school makes his classmates laugh at him.,Xiao Ming thinks the color of the bicycle does not match his clothes.,"Xiao Ming hopes for a computer as a gift, not a bicycle.",Unexpected Outcome Test
