cluster_label,cluster_size,cluster_summary
0,2,"Across these reasons, the model relies on a simplistic mapping from external events to “obvious” internal emotions and assumes those emotions directly determine the truth of subsequent statements. It prioritizes logical consistency at the surface level—e.g., winning implies happiness, public failure implies embarrassment—rather than tracking the narrative’s explicit cues about masking, conflicting feelings, or differences between inner states and outward presentations. In contrast, the human answers attend to perspective, context, and the text’s meta-information about what is said, what is felt, and what is displayed."
1,1,"This cluster reflects a pattern where the model leans into rich social-pragmatic cues and joint attention to construct a more sophisticated theory-of-mind explanation than the human key expects. It systematically interprets characters as making deliberate, inquisitive inferences (e.g., Xiao Hong inspecting all sides because she infers something special), whereas the human answer presumes simpler, child-like labeling behavior. Across such items, model errors arise less from logical failure than from privileging nuanced mental-state reasoning over the test designer’s intended, more basic developmental-psychology interpretation."
2,2,"Across these reasons, the core pattern is how vague quantifiers like “most” and “almost no” are interpreted when mapping narrative descriptions to exact numbers. Human answers implicitly preserve a small, non‑zero remainder for the minority category (rice or Shandong dishes, and even other cuisines), so they pick distributions such as 35–5 that satisfy both the total and the verbal hedges. The model instead regularizes “almost no” to zero and neglects unmentioned categories, yielding 40‑style answers that align with a strict arithmetic reading but diverge from human pragmatic expectations while still being arguably defensible."
3,7,"Across these items, the model repeatedly relies on overlearned “false-belief” templates instead of flexibly tracking which character’s perspective is explicitly queried, often answering from the uninformed agent’s view when the question targets the informed one. It also frequently collapses the distinction between belief and reality, failing to represent outdated or nested beliefs and thus predicting search locations based on the object’s actual position rather than agents’ mental states. In a few cases (3 and 5), ambiguous wording or option labeling makes both the model and human answers partially defensible, exposing sensitivity to linguistic underspecification."
4,10,"Across these items, the model repeatedly privileges generic scripts and commonsense narratives—jealous classmates, surprise gifts, continued club participation, exam-focused parents, or promises of future rewards—over the specific cues and constraints given in the text. It often latches onto a salient phrase (“important family gathering,” “not overwork themselves,” “romantic restaurant,” “exams”) and then extrapolates a familiar storyline, underweighting temporal order, stated motivations, or explicit outcomes like money being spent or everyone wanting the task. Overall, the main divergence from human answers is mis-weighted evidence: world-knowledge templates override fine-grained, passage-grounded reasoning."
5,6,"Across these items, the model leans on literal, local cues—the exact phrasing, visible actions, or emotionally valenced words—rather than integrating broader story context, timeline, and discourse structure. It often defaults to the most concrete, surface-level goal (fixing a car, increasing involvement, reporting a “brand new” method) and underweights pragmatic subtleties about status signaling, encouragement, or problem-resolution roles that humans infer. Because many vignettes are intentionally ambiguous, its choices are sometimes still defensible, but they regularly miss the socially implied, narratively central intention."
6,4,"Across these items, the model relies on generic, decontextualized heuristics—like favoring “win‑win” cooperation, enforcing stated rules, and checking for logical consistency—rather than inferring implicit priorities, power hierarchies, or scarce resources. In all cases, it interprets key evaluative terms (especially “inappropriate”) in a narrow, literal way focused on explicit rudeness or contradiction, while humans apply broader, culturally grounded norms about tact, fairness, and morale. Thus the disagreement stems less from misunderstanding the scenario than from different pragmatic frames, making the model’s choices partly defensible."
7,2,"Across these reasons, the core pattern is that the model treats natural‑language quantifiers (“most,” “some,” “very few,” “almost no”) as vague, static proportions instead of contextually mapping them to concrete counts. It then defaults to a generic “around half” heuristic for “most” and fails to integrate how multiple verbal constraints jointly narrow the plausible distributions, whereas the human‑intended reasoning uses those phrases as near‑deterministic clues. As a result, the model’s numeric choices are weakly supported approximations, while the human answers follow from tighter logical inferences."
8,8,"Across these items, the model overweights literal semantics, grammaticality, and surface coherence while underweighting pragmatic norms, social face concerns, and culturally typical speech acts. It repeatedly misinterprets “inappropriate” as logical contradiction, factual impossibility, or source of narrative awkwardness, rather than as a violation of politeness, relational positioning, or test‑design intent. The cluster thus reflects a consistent weakness in integrating conversational context, shared background knowledge, and character perspectives to infer implied meanings, prioritize salient new information, and identify which utterance the question‑setter targets as contextually problematic."
9,16,"Across these reasons, the model repeatedly latches onto the most salient or literal cue—initial events, generic social heuristics, or explicitly stated desires—while neglecting broader narrative structure, contrastive wording, and subtle implications. Humans, and the intended labels, more often integrate shifting time points, social-relational meanings (closeness, recognition, commemorative grief), and the possibility of genuinely mixed or conflicting emotions, distinguishing inner feeling from outward display. As a result, many items are ambiguous with multiple defensible emotions, and the model’s answers are psychologically reasonable yet frequently misaligned with the test’s narrow “best” choice."
10,1,"Across this cluster, the model over-prioritizes surface pattern-matching (“like a pangolin”) to familiar, visually similar entities, instead of integrating the full narrative context. The reasons highlight that the stories usually contain explicit world constraints (e.g., Nimbus has only birds and flying insects), which humans use to eliminate impossible options and reinterpret metaphors in-context. Overall, the model’s Theory of Mind errors here stem less from misunderstanding mental states than from neglecting story-internal logic and availability constraints on what the characters could actually perceive or imitate."
11,18,"Across all items, the discrepancy hinges on an ambiguity in phrases like “should be inside,” which the model consistently interprets as asking about actual, current contents while the human-keyed answer treats it as expectation or belief based on labels and character perspective. The stories systematically juxtapose labels with mismatched contents and limited viewpoints, so humans read them as theory‑of‑mind or norm‑based tasks, whereas the model defaults to an omniscient, reality‑tracking frame. The explanations repeatedly conclude that both readings are logically defensible, but test design privileges the perspective‑taking interpretation."
12,13,"Across these items, the model consistently construes “inappropriate” in a narrow, largely decontextualized way, focusing on explicit rudeness, taboo content, logical contradiction, or odd wording rather than relational dynamics. Human answers instead rely on broader pragmatic norms—emotional sensitivity, respect for boundaries, recognition of power asymmetries, privacy, consent, and situational fit—treating subtle pressure, invalidation, or agenda‑pushing as inappropriate even when phrased politely. Because the prompts under-specify which standard applies, many vignettes become ambiguous, so the analysis repeatedly concludes that both interpretations are defensible and the model is often “also correct,” though sometimes less socially attuned."
13,4,"Across these items, the model consistently privileges a literal, surface parsing of events—who hands what to whom, mentions of “bookstores” or “tactics”—and then selects the most logistically straightforward explanation. It underweights pragmatic signals such as secrecy, shyness, surprise, joking tone, and narrative irony, which humans use to infer hidden intentions like matchmaking, buying snacks under playful cover, or deliberately throwing a match for betting. The cluster thus highlights a recurring weakness in integrating cultural knowledge and conversational implicature with Theory‑of‑Mind reasoning, leading the model to miss non‑literal meanings and choose safer but narratively inconsistent answers."
14,5,"Across the cluster, disagreements stem from mismatches between the model’s interpretive standard and the exam’s intended but unstated assumptions about background knowledge, conversational continuity, and what counts as “knowing.” Sometimes the model adheres to a narrow, text-only or fine-grained notion of knowledge while humans use broader pragmatic inferences, and other times the model over-extends pragmatic conventions and ignores later disambiguating cues. Overall, these items exploit ambiguous wording and incomplete textual evidence, so multiple answers remain defensible, and the model’s responses often reflect a consistent yet mismatched reasoning policy."
15,14,"Across these items, the model repeatedly confuses which character’s mental state is queried, often defaulting to the “classic” absent-agent false‑belief template even when the story asks about a different, better-informed agent. A second recurring pattern is collapsing distinctions between reality, first‑order belief, and second‑order belief: it either tracks only the object’s actual location or only the first observer’s outdated belief, instead of maintaining parallel belief states. Finally, it underuses evidence that agents update beliefs after direct perception, and sometimes overweights static cues like labels or initial descriptions."
16,6,"Across these items, the human answers consistently track an agent’s perspective, beliefs, and knowledge updates, while the model often defaults to surface features like the first-mentioned object, the literal label, or the narrator’s omniscient description. Where humans treat phrases like “should be in the box” as about what a specific character reasonably expects or is excited about, the model misreads them as asking about the actual current contents, collapsing belief states into reality. This reveals a recurring failure to represent distinct mental states, interpret pragmatic cues, and revise beliefs after new observations."
17,7,"Across these reasons, the model consistently privileges strictly literal, explicitly stated information in the stories, especially around whether a character was directly told or saw something. Human annotators instead import rich pragmatic and social knowledge—norms about friends knowing breakups, colleagues inferring non‑promotion, neighbors recognizing retirement, or classmates hearing about birthday gifts—to treat implicitly suggested facts as “known.” Thus the disagreements center less on faulty logic than on different thresholds for attributing knowledge: the model demands textual evidence, while humans license broader, culturally grounded mind‑reading."
18,2,"Both reasons highlight that the model overweights a later explicit number (“4 goalkeepers”) and underweights an earlier proportional, approximate description (“almost one third of 18”). In each case, the model mistakenly treats the subset of players who get the ball as if it were the whole team, collapsing an inherently probabilistic sampling situation into a deterministic equality constraint. More generally, the pattern is a preference for surface-level, easily retrievable numerals over approximate or contextual quantitative cues, leading to rigid, globally inconsistent interpretations of the scenario."
19,5,"Across these items, the model systematically defaults to a self-centered, ego‑focused interpretation of emotions, preferring options where the protagonist’s own actions, competitiveness, or agency provide a direct, intuitive cause of guilt, regret, or pride. It underweights textual and contextual constraints—such as explicit mentions of regret, the absence of a teaching relationship, puzzle‑style conventions, and moral framing—and instead follows loose emotional stereotypes or familiar narrative tropes. As a result, it often selects answers that feel narratively plausible in everyday reasoning but misalign with the narrower “test logic” governing Theory of Mind questions."
20,15,"Across these cases, the model tends to anchor on salient, surface-level cues—success, prosocial behavior, or immediate wrongdoing—and maps them to stereotypical emotions like pride, guilt, or embarrassment, while underweighting contrast markers (“but,” “however”), later revelations, and exam-style moral framing. The human answers more often track the narrative’s value-laden focus (filial gratitude, respect for donations, exam morality, social prejudice) and the specific timepoint “after learning X,” yielding emotions like worry, sadness, relief, or cherish. Many vignettes are genuinely ambiguous, so the disagreement often reflects different weighting of cues rather than outright reasoning failure."
21,6,"Across these items, the model consistently favors literal, explicitly stated content over pragmatic inference, speaker intention, and social norms. It treats remarks and compliments as factually accurate or uniformly polite instead of recognizing hyperbole, irony, and face‑saving lies, and it often conflates noticing someone’s behavior with truly understanding their preferences or beliefs. Consequently, it misjudges what characters know or mean in context—over‑extending clues like “has no taste” or “prefers light food,” misinterpreting the salt‑seller idiom, and failing to see that pushy recommendations or exaggerated praise can signal ignorance or insincerity rather than genuine care."
22,13,"Across this cluster, the model tends to overweight literal surface wording, narrator omniscience, and generic statements, while underweighting story conventions, real‑world constraints, and character‑specific perspectives. Many errors come from misalignments about what counts as “knowing”: the model often demands direct evidence or, conversely, treats any mentioned fact as universally known, whereas the human answers rely on pragmatic implicature, default trust in testimony, and task norms about strict epistemic access. Several cases also hinge on timing and scope misunderstandings—whether knowledge is evaluated before or after a disclosure, and whether in‑story realism overrides in‑game or fictional framing."
23,30,"Across these items, the model leans on shallow, literal heuristics—matching salient words, roles, and visible actions—while neglecting how sequences of glances, smiles, winks, timing, and prior goals pragmatically reveal covert plans, shifting allegiances, or emotion‑regulation. It defaults to generic, prosocial or neutral scripts (simple encouragement, friendliness, agreement, eating treats, continuing work) instead of entertaining less obvious but text‑supported intentions such as collusion, avoidance, teasing revenge, strategic inclusion, or information‑gathering. Overall, humans integrate dispersed contextual cues to infer characters’ underlying mental states, whereas the model often stops at the first concrete, observable interpretation that fits a familiar narrative template."
24,5,"Across these items, the model repeatedly prioritizes inferred internal emotions or moral evaluations over the question’s explicit focus on outward appearance or surface behavior. It overweights cues about potential unfairness, guilt, or worry and underweights textual signals about concealment, rewards, or pragmatic self-presentation to others. As a result, it systematically selects emotions like “happy,” “annoyed,” or “guilty” that fit a rich backstory it constructs, while human answers like “calm,” “happy,” or “angry” better track the narrative’s stated perspective and question wording."
25,10,"Across these cases, the model over-relies on surface cues and literal keyword matching, choosing options that echo phrases like “importance,” “experience,” or “valuable” rather than tracking the passage’s precise mechanisms of persuasion. It systematically favors emotionally warm, harmony-preserving, or autonomy-respecting responses over those that foreground concrete action steps, explicit boundary-setting, or realistic compromise structures that actually resolve the described problem. Human answers instead privilege close adherence to textual details, the specified goal (e.g., repayment, balance, rehoming), and pragmatic pedagogy or psychology tailored to each character’s concerns."
26,4,"Across these items, the model treats explicit counted numbers and simple fractions as precise, overriding softer linguistic cues like “almost one third” or “almost half.” It either ignores or misweights the prior information about the whole set and over‑interprets the small sample as if it exactly represented, or even exhausted, the relevant subset, instead of viewing it as noisy evidence. Overall, humans integrate approximate quantifiers with sample data and rounding conventions, whereas the model applies rigid arithmetic and mis-scopes which group the proportion statements actually describe."
27,8,"Across these items, the model treats vague quantifiers like “most,” “some,” “hardly any,” and “very few” in a literal, often extremal or minimal way, instead of using pragmatic, graded interpretations grounded in everyday language. It also repeatedly fails to jointly enforce all constraints—fixed totals, non‑zero minorities, comparative wording between categories, and the fact that the guesses occur before the true numbers are revealed—often defaulting to simple splits or assuming zero for “hardly any.” Humans, in contrast, integrate these linguistic cues with arithmetic reasoning and perspective‑taking, producing numerically moderate, more semantically coherent estimates."
28,11,"Across these items, the model systematically treats “persuasion” as an optimization problem: identify the interlocutor’s stated constraint or a generalizable benefit, then select the option that most directly, logically, or instrumentally addresses it. Humans more often prioritize narrative fit and social realism—child‑like pleading, emotional support, fairness over time, status motives, or the textbook “right” counseling/parenting response—so they infer the intended answer from everyday scripts rather than abstract utility. Many vignettes are under‑specified, so multiple persuasion paths seem reasonable; the explanations repeatedly frame the model’s choice as defensible, not genuinely wrong."
29,6,"Across these cases, the model leans on stereotypical event–emotion pairings from surface cues (“revolutionary technology” → thrilled, “accidentally finds” → surprised, first VR experience → excited), rather than fine‑grained appraisal of context. Humans, by contrast, emphasize subtler narrative signals—mixed emotions, risk and pressure, eeriness, curiosity, and the temporal focus of the question (instant reaction versus enduring state)—leading them to select different, but still compatible, labels. Thus the divergence reflects ambiguity and underspecified emotion categories, with the model picking the most prototypical feeling along one dimension of the scenario, while human raters prioritize a different plausible facet of the same state."
30,3,"Across these items, the model systematically treats the questions as requiring strict epistemic verification rather than pragmatic or narrative understanding. In each case, it ignores cues that the scenario is stylized (role‑play, fictional persona, or test‑style phrasing) that license a commonsense judgment about truth, and instead retreats to “nan” as if any unfinalized or fictionalized statement were undecidable. This reflects an overly literal, risk‑averse strategy that prioritizes formal uncertainty over interpreting communicative intent, leading it to miss the tasks’ intended evaluative perspective."
31,7,"Across these reasons, the model systematically overweights explicit similes or phrases (“like a frog,” “like bird wings,” “like a jellyfish”) and performs literal pattern matching to the closest option. It underweights narrative constraints such as world-building (no animals, no birds, only robots or marine life), ecological plausibility, and characters’ knowledge limits, whereas humans privilege these contextual cues when choosing an answer. Even in the outlier case (Reason 6), the contrast still highlights a tension between surface textual grounding and broader imaginative, world-consistent interpretation."
32,17,"Across these items, the model often defaults to literal, surface-level readings—prioritizing explicit outcomes, general norms (e.g., bad smells are disgusting, poverty is negative), or charitable assumptions about speakers—while neglecting nuanced contextual cues about roles, preferences, wording, or timing. It frequently misidentifies the target of evaluation (inner feeling vs outward display, character vs actor, which statement/question is being assessed) and assumes emotions and statements must be single, consistent, and fully truthful. Humans instead integrate private vs public perspectives, mixed emotions, social politeness, and puzzle-like logical constraints, making their answers better aligned with test expectations."
33,5,"Across these cases, the model defaults to a literal interpretation of vague quantifiers such as “most popular,” “almost half,” and “almost no,” often mapping them to exact values like 0 or 1/2. This makes it ignore or oversimplify implicit constraints and comparative cues in the stories—like popularity implying higher sales—or collapse multi-category situations into simpler binary splits. Humans instead treat everyday numerical language as flexible and approximate, infer small nonzero quantities from phrases like “almost none,” and integrate all narrative details, so their answers better match pragmatic expectations even when the model’s tidy ones are logically defensible."
34,15,"Across these reasons, the model systematically over-applies a stock “false-belief task” script and a simple “label = contents” heuristic instead of tracking narrative updates. It repeatedly ignores that the focal character has directly inspected the container, now holds a true belief about the contents, and will project that belief to what another person will find, regardless of misleading tags. The errors also show recurring confusion about whose mental state is queried, answering from an uninformed observer’s perspective rather than the explicitly specified knowledgeable agent’s."
35,28,"Across these items, the model systematically clings to the literal semantic content of utterances or rules and maps them to options that paraphrase what was explicitly said, rather than inferring speakers’ intentions. It repeatedly neglects narrative buildup, emotional tone, shared cultural scripts (e.g., Chinese politeness, market hints, classroom rebukes, romantic tropes), power hierarchies, and subtle cues like gaze, timing, irony, and metaphor that humans use to recover indirect requests, criticism, warnings, or acceptance. This reveals a Theory‑of‑Mind weakness: underweighting pragmatic context and social goals, and defaulting to minimal‑inference, surface‑compatible answers."
36,4,"Across these items, the model overweights superficial lexical cues (e.g., explicit mentions of “embarrassed,” “disgust,” or party excitement) instead of integrating narrative context and situational norms. It repeatedly confuses internal mental states with outward behavior, ignoring question wording like “how does he appear” and story cues that characters deliberately mask their true feelings to avoid negative judgments. Human answers, in contrast, depend on inferring socially appropriate emotions from mismatches or ironies in the situation, such as being the only one in costume, which the model systematically underemphasizes."
37,2,"Across both reasons, the model stumbles on translating vague quantifiers (“most,” “vast majority,” “small part,” “almost none/no one”) into concrete numbers, consistently assigning relatively large sizes to groups that should be tiny. It performs a kind of over-literal proportional mapping from words to quantities, instead of using the story’s internal constraints (like the explicitly stated “small part” or total count) to anchor one number and infer the others pragmatically. As a result, its answers are mathematically coherent but misaligned with the narrative’s intended emphasis and human conversational norms."
38,8,"Across these items, the model and humans mainly diverge in how they interpret vague quantifiers like “most,” “some,” “few,” “hardly any,” and “almost none.” The model tends to translate these verbal cues into rigid or generic numerical schemas (e.g., treating “most” as an overwhelming majority, “very few” as nearly zero, or “around half”), then does straightforward subtraction, whereas human reasoning uses looser, context‑sensitive thresholds and probabilistic expectations. As a result, many model answers are arithmetically tidy yet pragmatically strained, though some remain interpretively defensible."
39,9,"Across these cases, the model collapses multi-category, uncertain situations into simple two-term arithmetic, typically subtracting the one explicitly numbered subset from the total and assuming everything else belongs to a single remaining category. It systematically interprets vague quantifiers and constraints (“hardly any,” “almost no,” “almost half,” “only one or two”) as either exact, zero, or ignorable, instead of treating them as small-but-nonzero amounts that must also fit all narrative clues. Human-like answers, in contrast, integrate these verbal nuances, respect all category constraints, and perform a light Bayesian-style updating from new evidence."
40,5,"Across these items, the model latches onto the most visually or lexically salient cue (card received, crush with someone else, work de‑emphasized, plan reused) and maps it to a straightforward emotion like happiness, jealousy, or betrayal. Human reasoning instead integrates background commitments, broken promises, loyalty expectations, and prosocial intentions, reinterpreting similar events as betrayal, regret, or gratitude. The gap reflects shallow, event-level pattern matching and weak use of implicit social contracts, plus limited sensitivity to ambiguity where multiple emotions are simultaneously reasonable."
41,9,"Across these reasons, the model systematically mishandles perspective-taking: it either answers from an all-knowing narrator viewpoint or from a naive, label-based observer, rather than from the specific character the question targets. It over-relies on shallow heuristics—such as “trust the label” or “report the real contents”—and so ignores critical temporal updates (who looked when), distinct belief states across characters, and even second-order beliefs about others’ expectations. As a result, it frequently misclassifies true-belief scenarios as classic false-belief tasks (and vice versa), yielding answers that track cues, not mental states."
42,4,"Across these items, the model fixates on the most salient, strongly cued trait or routine of a single character—profession, hobby, or eating habit—and extrapolates the event that best matches that one dimension. This makes it underweight the inviter’s own constraints, values, and desire to accommodate the other person, so it often misses the more balanced or compromise option that humans infer from the social context. Moreover, several stories are deliberately underdetermined, so both options remain logically possible; the gap between human and model answers mainly reflects differing emphasis on subtle narrative cues rather than outright reasoning errors."
43,11,"Across these cases, the model repeatedly latches onto salient, stereotyped patterns—team victory, overall success, visible effort, humorous personality—while downplaying specific conversational cues and quoted statements that pinpoint the actual mental state. It tends to prefer clean structural contrasts (team vs individual, success vs lack of recognition, entertainment vs disappointment) and objective outcomes over more text-faithful inferences about subjective feelings, local intentions, or the immediate trigger of an utterance. Several disputes arise from genuine ambiguity, where multiple emotion attributions are logically defensible, but the human key rewards finer-grained, context-sensitive readings."
44,12,"Across these items, the model consistently privileges literal, explicitly stated details and conservative inferences, while the human annotations lean on pragmatic background knowledge, social expectations, and the question-setter’s intended implication. Most disagreements hinge on genuine ambiguities—shifts in temporal reference (“before,” story endpoint versus midpoint), perspective differences (narrator versus character knowledge, overhearing), or competing senses of key verbs like “know,” “remember,” and “choose.” As a result, the model’s answers, though sometimes diverging from the gold labels, are usually logically coherent interpretations of underspecified narratives, revealing evaluation misalignment rather than systematic Theory-of-Mind failure."
45,13,"Across these reasons, the model systematically privileges literal wording, explicit politeness markers, and surface sentiment, while humans rely on pragmatic subtext, cultural etiquette, and role or power dynamics to judge appropriateness or honesty. Many cases hinge on high‑context Chinese norms—about inheritance, modesty, hierarchy, veiled criticism, indirect refusals, and emotional tact—where positive‑sounding remarks can actually be intrusive, boastful, dismissive, or face‑threatening. The cluster also highlights task ambiguity: “inappropriate” and “truthful” are underspecified, multiple utterances or readings are plausible, so human and model answers can both be defensible despite diverging reasoning."
46,1,"Across this cluster, the model fails to recognize that speakers often use figurative or non-literal language to convey attitudes rather than factual claims. It over-emphasizes the absence of concrete, verifiable information and therefore defaults to “cannot be determined” instead of inferring the intended meaning from pragmatic cues and common-sense social reasoning. In other words, these errors reflect a broader pattern: the system treats utterances as objective reports about the world, rather than as contextual expressions of beliefs, emotions, or perspectives."
47,11,"Across these items, the stories are framed as classic first‑ or second‑order false‑belief tasks where humans answer based on an agent’s outdated belief rather than the object’s actual location. Consistently, the model instead tracks the real state of the world or a directly stated mental attitude, failing to represent nested perspectives and conflating physical reality with belief and belief‑about‑belief. Item 10 is a partial exception, showing the model favoring a surface description of the agent’s false belief while humans choose a deeper causal explanation, highlighting systematic ambiguities in interpreting such tasks."
48,10,"Across this cluster, the model repeatedly relies on generic narrative or social scripts (success→pride, danger cue→fear, teacher→worry about arrogance) rather than carefully weighing all text-specific cues and discourse markers. It tends to anchor on the most salient or concrete cause mentioned (threats, burglaries, downloads, explicit praise) and often underweights subtler signals of mixed emotions, hidden motives, or contrastive framing like “should…but.” As a result, model answers are frequently psychologically plausible yet less textually grounded than the human choices, especially in stories where real emotional targets involve pressure, uncertainty, or context-driven reinterpretations rather than straightforward first-pass reactions."
49,7,"Across these items, model–human divergences stem from systematic ambiguities: whether to privilege explicit narrative cues (strong interests, workload, money) or the literal content of a character’s utterance. The model often infers hidden desires, practical constraints, or shyness behind refusals, treating spoken “no” as an excuse or factually false, while humans frequently interpret statements at face value or emphasize richer social and motivational subtexts. Many questions under-specify whether “truth,” “want,” or “reason” should track internal mental states, momentary decisions, or effective behavior, making multiple options simultaneously defensible."
50,1,"Across this cluster, the model over-relies on prototypical associations with salient events and ignores more diagnostic, later-arriving cues about the agent’s actual mental state. Here, the phrase “wins a five million lottery” triggers a default mapping to happiness, so the system selects “Joy” instead of integrating the subsequent clause that explicitly encodes apprehension and life-disruption concerns. This pattern reflects shallow, keyword-driven interpretation and weak pragmatic reasoning about which information should be prioritized, leading the model to privilege stereotyped emotional responses rather than the text’s explicitly described, contextually appropriate emotion."
51,8,"Across these items, the stories explicitly give a situational, proximal cause (forgetting, distraction, misunderstanding), but the model repeatedly ignores that text-level explanation. Instead it defaults to schema- and trait-based interpretations—""usually careful,"" ""usually punctual,"" sincerely task-serious—that over-weight a character’s current statement or a salient cue and treat it as evidence of an accurate, belief-driven action. This reveals shallow, local reading that under-integrates earlier narrative information, blurs false-belief vs reliable-memory states, and prefers generic folk-psychological patterns over the specific mental-state causality actually described."
52,4,"Across these items, the model repeatedly latches onto salient surface cues (diligence, inspirational figures, crowding, longstanding collaboration) and converts them into generic, emotionally flavored persuasive strategies. In contrast, the human answers track the characters’ underlying motivational structure—risk aversion, concern for feasibility, fear of loss, and concrete economic incentives—and select options that directly resolve those core concerns. The discrepancy pattern is thus: the model overuses warmth, compromise, or inspiration as default heuristics, while humans more flexibly choose between emotional leverage and hard evidence depending on each agent’s specific stakes and priorities."
53,34,"Across these items, the model repeatedly privileges literal surface cues—explicit actions, stated reasons, and immediate events—over implied mental states, long‑term goals, and narrative setup, so it often tracks “what happened” rather than “what people are thinking.” When it does infer motives, it leans on generic social scripts and culturally or normatively “ideal” behaviors (conflict‑avoidance, professionalism, politeness, helpfulness), underweighting story‑specific signals that point to more idiosyncratic or emotionally messy intentions. As a result, many model answers are text‑plausible but miss stronger, context‑integrated human inferences."
54,34,"Across the items, the model systematically mis-reads what “inappropriate” is targeting, defaulting to grammaticality, literal coherence, or overt politeness instead of the task’s intended dimension—often subtle pragmatic, emotional, or cultural norms, and sometimes specific grammar errors. It over-focuses on micro-level surface features—tense errors, redundancy, lexical mismatches, topic shifts—while under-weighting relational context such as face-saving, hierarchy, gratitude, hurt feelings, or children’s‑story moral expectations that humans treat as central. Several cases also reveal genuine ambiguity in the task design, where both the model’s coherence-based answer and the human’s norm-based answer can be defended."
55,2,"Both reasons emphasize a tension between Mr. Yang’s public statements and his privately described mental state, with the narrative clearly privileging the latter as ground truth. They argue the model systematically over-relies on literal spoken assertions (“fully support,” “crucial”) while discounting explicit corrective markers like “actually” and the narrator’s direct access to his concerns, leading it to misjudge sincerity. Together, these analyses highlight a recurring failure to integrate social context and power dynamics (fear of repercussions) into Theory of Mind inferences."
56,4,"Across all four reasons, the questions center on young children interpreting an adult’s excited comment about an object that contains a smaller, less salient sticker, probing whole‑object bias versus more refined referent tracking. The shared failure pattern is that the model misweights cues, either over‑attending to textual details like “sticker” or “cannot touch,” or overestimating children’s analytical search strategies, instead of applying developmentally typical heuristics. Together, the cases show the model treating reference resolution too much like adult logical inference and too little like pragmatic, gaze‑guided joint attention in early childhood."
57,6,"Across these items, the model over-weights vague majority terms like “most” and “hardly any,” treating them as invitations to maximize one category, instead of as soft constraints that must coexist with fixed totals. It repeatedly violates basic arithmetic or ignores that minority categories described as “very few,” “some,” or “hardly any” must still be nonzero, leaving too little or no room for other kinds. In one case it also collapses the story’s temporal structure, treating later factual outcomes as prior knowledge and thus generating an implausibly precise numerical guess."
58,12,"Across this cluster, the model often privileges general moral rules, salient surface cues, or immediate emotions over context-specific social inferences and exam-style normative expectations. It tends to extrapolate guilt, regret, or principled honesty from minimal hints, interpret ambiguous referents or motives literally, and underweight contrasts, implicit culpability, or pragmatic goals like protecting privacy or inferring hidden intentions. As a result, its answers are frequently locally coherent yet misaligned with the intended key, which favors idealized, socially attuned, or narratively emphasized reactions."
59,7,"Across these cases, the model overweights early, salient, or morally appealing cues and underweights later, decisive contextual information that specifies the character’s final emotional state. It tends to infer abstractly plausible, high‑arousal or prosocial emotions (excitement, admiration, growth‑mindset satisfaction) instead of the exam-style, text‑anchored answer that reflects the concrete outcome, temporal markers, and subtle shifts like relief or emerging worry. Overall, the shared failure pattern is miscalibrated evidence weighting: privileging global plausibility over local narrative resolution, question wording, and conventional test-writing heuristics."
60,4,"Across these reasons, discrepancies stem from ambiguous emotional cues where both the model and humans choose different but psychologically plausible emotions. The model tends to either track explicit lexical markers in the text (e.g., ""very sad"") or infer salient internal states like fear/anxiety about being exposed or restricted, whereas human answers more often align with task-specific framing (e.g., outward appearance, “real feelings”) and default to sadness/disappointment. Overall, divergences reflect shifts between literal wording vs. contextual inference and internal experience vs. external presentation, not outright misunderstanding."
61,5,"Across these cases, the model over-relies on salient, explicitly stated similes or metaphors and treats them as literal answers, engaging in shallow phrase-matching rather than deeper reasoning. It systematically ignores world-building constraints about what entities exist in the story worlds and what the characters have perceptual access to, so it attributes imitations to leaves, dough, eagles, trees, and flowers that the characters cannot possibly have encountered. This reflects a broader failure to integrate background constraints and character knowledge into its interpretation, undermining the intended Theory of Mind inference."
62,11,"Across these reasons, the model systematically overweights salient surface cues such as container labels and typical associations, using them as shortcuts for “what is inside” instead of tracking the narrative’s evidence. It repeatedly fails to update agents’ beliefs after direct observation, so it answers as if no new information was gained, or as if the label-based, default belief still governs the character’s expectation. The errors also show confusion about whose perspective is queried, often substituting another observer’s or omniscient reality for the specified character’s mental state in second-order belief questions."
63,4,"This cluster centers on one pattern: the model evaluates utterances within an in-universe role frame, while the human solution evaluates them against literal real-world facts or the speaker’s private beliefs. Across cosplay, preserving a child’s Santa fantasy, a neighbor dressed as Santa, and a boy in a ghost costume, the model treats claims like “I am the master” or “It is Santa Claus” as pragmatically true in the pretend scenario. Because Theory of Mind tasks require truth conditions tied to objective identity or belief states, this framing mismatch systematically drives the model’s answers away from the expected human judgments."
64,2,"Across these reasons, the core pattern is that the scenarios are framed as zero-sum competitions, but the model overlooks the explicitly competitive motive in favor of a more generic self-conscious emotion. In both cases, the narrative clearly signals that the protagonist stands to gain if the rival is harmed—Ella’s envy of James’s painting and Claire’s advantage over Amy—yet the model gravitates toward guilt, fear, or reputational concern that the text never actually mentions. This suggests an overreliance on stereotyped moral-psychology heuristics and underweighting of concrete, situation-specific cues."
65,8,"Across these items, the model tends to anchor on explicitly stated, temporally local events or on generic commonsense scripts (e.g., “serious students keep studying,” “teens like sports”), while humans more often privilege what is pragmatically implied or narratively expected. Many conflicts arise from ambiguity in what “next” or “will do” means—immediate described action versus longer‑term goal, morally appropriate choice, or likely resolution—so both answers are sometimes defensible. Overall, the model underutilizes subtle cues about character motivation, social pressure, and causal foreshadowing that humans treat as decisive."
66,4,"Across these items, the model over-relies on salient surface cues—privacy loss, social exclusion phrases, or “not wanting others to know”—and maps them to stereotyped emotions like violation, abandonment, or guilt. By contrast, the human answers prioritize integrating later narrative information, explicit self-reflection, and the most proximal, concrete cause of the character’s current emotion over more diffuse background concerns. Especially in the guilt-related cases, the gap reflects difficulty separating self-blame from feeling ignored or embarrassed, compounded by partial ambiguity where several labels are plausible but only one best matches the immediate causal chain."
67,3,"Across these reasons, the model repeatedly overweights local keywords that echo the question’s target emotion (“surprised,” “disgusted”) or expectation violation, while neglecting how the broader story frames the character’s actual feelings. It treats emotions as coarse positive/negative or generic “surprise,” failing to distinguish disappointment from pleasant astonishment, irritation from moral disgust, or surprise grounded in role reversal versus stylistic similarity. More generally, it performs shallow pattern-matching instead of integrating narrative context, social roles, and twists that reframe initial attitudes like envy or curiosity."
68,6,"Across the items, the model systematically mishandles vague quantifiers and contextual cues, either treating “most,” “some,” “almost no,” and “almost a quarter” as rigid numerical thresholds or minimizing their pragmatic implications. Humans instead integrate everyday conversational norms—like “some” usually meaning at least two, “almost” indicating slightly less than a benchmark, and narrative hints about expectations—to select counts that feel contextually natural while respecting fixed totals. When the model doesn’t outright violate the arithmetic constraints, it still gravitates to mathematically tidy but linguistically less plausible mappings from phrases to numbers, occasionally yielding defensible yet weaker interpretations."
69,10,"Across these reasons, the disagreement nearly always hinges on ambiguous wording, especially the phrase “should be,” which can denote either actual physical contents or norm‑/label‑based expectations. The model systematically resolves this ambiguity in a literal, world‑state‑tracking way, while the human tends to interpret questions as false‑belief or expectation tasks, privileging labels, social norms, and characters’ perspectives—even when multiple answers are textually defensible. A secondary pattern is that lexical or categorical near‑synonyms (e.g., cabinet vs cupboard) are treated as equivalent by humans but matched rigidly to surface forms by the model."
70,7,"In all these cases, the model relies heavily on literal, explicitly stated emotions and events, avoiding richer pragmatic inferences about characters’ inner states. This leads it to default to “No” or to surface-matched emotions like “Surprise” whenever surprise, anger, or happiness must be inferred from social expectations, narrative contrast, or background knowledge rather than directly described text. Across the cluster, the explanations frame many scenarios as genuinely ambiguous—where both the model and human answers are defensible—yet they also highlight a systematic underuse of commonsense social reasoning that sometimes makes the model’s choice less plausible."
71,4,"Across these reasons, the core pattern is tension between salience-based heuristics (last-mentioned or “third novel toy”) and stricter perspective-based ambiguity: whether “that toy” has a uniquely identifiable referent from the listener’s point of view. The analyses repeatedly contrast cooperative-pragmatic inference—assuming agents highlight novel objects they haven’t played with and that partners exploit shared knowledge—against a conservative stance that treats underspecified references as irreducibly ambiguous. As a result, the model is sometimes faulted for shallow salience matching, but sometimes praised for sophisticated Theory-of-Mind reasoning that exam rubrics may underappreciate."
72,4,"Across these items, the human-like reasoning integrates all quantitative constraints—fixed totals, vague quantifiers (“most,” “very few”), and narrative hints—while the model relies on a simpler maximize-the-majority heuristic. In every case, it pushes the dominant category (math, Three Kingdoms, novels, fish) to an extreme value and implicitly treats “very few” or minor categories as zero or negligible, violating the story’s requirement of a nonzero small remainder. The shared failure pattern is weak global consistency checking: the model underuses sum-to-total and lower-bound constraints that humans automatically enforce."
73,7,"Across these reasons, the model repeatedly latches onto vivid similes that mention familiar Earth animals or behaviors and directly maps them to answer options. In doing so, it ignores key narrative constraints about what exists in the character’s environment and what the character can plausibly know or observe, failing to track the agent’s knowledge state. The human-consistent answers instead rely on reasoning about perspective and accessibility—choosing non-obvious options (robots, sculptures, local creatures) that match the character’s experiences rather than the surface wording of the description."
74,3,"Across these reasons, the model repeatedly privileges observable actions, social stereotypes, or external circumstances over the explicitly stated internal states and perspectives of the characters. It tends to equate “want” or “readiness” with what someone does or what others expect—e.g., presenting a project or turning off a light—rather than with the character’s own feelings of fear or reluctance. This pattern shows a consistent confusion between subjective mental states and objective facts, leading the model to misjudge whether statements are truthful or actions reveal genuine preferences."
75,14,"Across these cases, the model repeatedly over-relies on salient surface cues—explicit traits, first events, literal gestures, or familiar story templates—while neglecting later details that constrain interpretation. It often fails to track characters’ deeper intentions, value conflicts, strategic behavior, and age-appropriate motivations, so it misses when silence, smiles, nods, or setting choices are actually indirect signals of hidden plans, deference, or sabotage. The human answers instead integrate the full narrative context, temporal ordering, and implied mental states, yielding more precise attributions of belief, desire, and causal explanation in most items."
76,2,"Across these reasons, the model consistently grounds its answers in explicit textual evidence, focusing on what the story literally states about Xiao Lei’s preferences and knowledge. By contrast, the human responses introduce extra-story assumptions—such as conflating common collectibles or inferring hidden inheritance discussions—that are neither mentioned nor reliably implied. Consequently, this cluster illustrates cases where divergences arise not from the model lacking theory-of-mind capabilities but from humans overinterpreting, misreading, or importing outside knowledge, while the model’s literal, evidence-based reasoning actually yields the more defensible answer."
77,3,"Across these items, the model systematically treats persuasion as expressing good intentions or low-pressure suggestions, instead of strategically addressing the other person’s concrete constraints and motivations. It tends to select options that sound emotionally sincere, conflict-avoiding, or superficially “win–win,” while overlooking critical practical facts (who controls the computer, time already reserved, health risks) and failing to offer specific, credible benefits that resolve the interlocutor’s stated concerns. Humans judge the rejected options as less persuasive because they don’t realistically shift incentives or alleviate worries, even if they sound kind."
78,6,"Across these cases, the model relies on shallow, stereotype‑based associations (gifts, awards, romantic movies, helpful matchmaking) and defaults to generically positive or prototypical emotions like happiness, pride, or jealousy. It underuses discourse cues (“at this time,” “even so”), explicit narrative statements, and relationship norms that reverse or nuance the expected valence, so it frequently misses lingering resentment, awkwardness, anger, or gratitude. The model also sometimes misidentifies whose perspective is queried, failing to track that the relevant emotion belongs to the friend, girlfriend, or spouse rather than to another character."
79,4,"Across these reasons, the model consistently treats vague quantifiers like “hardly any” and “most” as extreme, almost absolute values rather than approximate ranges that must leave room for other categories. It overweights explicit numbers and salient categories (total gifts, animals, dolls, lions) and implicitly converts underspecified groups (“hardly any books/reptiles/cars/zebras”) to zero, thereby maximizing the dominant category. In contrast, the human answers treat these expressions as indicating small but nonzero quantities, integrate all mentioned categories, and choose estimates that jointly satisfy both numerical constraints and ordinary language pragmatics."
