index,STORY,QUESTION,OPTION-A,OPTION-B,OPTION-C,OPTION-D,ANSWER,SOURCE_FILE,qwen3_8b_reasoning,qwen3_8b_response,qwen3_8b_truncation,failure_summary
0,"In the supermarket, there are originally 60 bottles of drinks. The number of soda, juice, and coffee is the same. After a few days, Manager Zhao says to Manager Li, ""Soda is the most popular, juice sells okay, almost no one likes to drink coffee."" Manager Li counts and indeed, there are still 8 bottles of juice unsold.",Please guess how many bottles of soda are left before Manager Li counts?,"Before Manager Li counts, he guesses there are 10 bottles of soda left","Before Manager Li counts, he guesses there are 2 bottles of soda left","Before Manager Li counts, he guesses there are 15 bottles of soda left","Before Manager Li counts, he guesses there are 7 bottles of soda left",B,Scalar Implicature Test,"Okay, let's try to figure this out. So the story says there are originally 60 bottles of drinks in the supermarket. The number of soda, juice, and coffee is the same. So initially, each type must have 60 divided by 3, which is 20 bottles each. Right? Because 20+20+20=60.

Then, after some days, Manager Zhao tells Manager Li that soda is the most popular, juice sells okay, and almost no one likes coffee. Then Manager Li counts and finds there are 8 bottles of juice left. The question is asking how many bottles of soda are left before Manager Li counts. Wait, but the options are about his guess before counting. Wait, the question says ""guess how many bottles of soda are left before Manager Li counts?"" So maybe Manager Li is making a guess based on the information given?

Wait, but the story says that Manager Li counts and indeed there are 8 bottles of juice left. So the actual number of juice left is 8. But the question is about how many soda are left before he counts. Wait, but the options are about his guess. Wait, maybe the question is phrased as ""guess how many bottles of soda are left before Manager Li counts?"" So maybe Manager Li is trying to guess the number of soda left based on the information that juice has 8 left, and the sales trends mentioned.

So let's think. Initially, each type had 20 bottles. The juice has 8 left, which means that 20 - 8 = 12 bottles of juice were sold. Manager Zhao said that juice sells okay, so maybe the sales for juice are moderate. Soda is the most popular, so more sold than juice. Coffee is almost no one likes, so very few sold. 

So, let's think about how many were sold. Let's denote the number of soda sold as S, juice sold as J, and coffee sold as C. We know that J = 12 (since 20-8=12). Since soda is the most popular, S > J. Coffee is almost no one likes, so C is very small. 

The total number of bottles sold would be S + J + C. But the total original is 60, and the remaining is (soda left) + 8 (juice left) + (coffee left). But we don't know the coffee left. However, since coffee is almost no one likes, maybe very few were sold, so coffee left is close to 20. But maybe not. 

But the problem is that we need to find the number of soda left before Manager Li counts. Wait, but the question is about Manager Li's guess. So maybe he uses the information that juice has 8 left, which implies 12 sold, and since soda is the most popular, he might estimate that more than 12 were sold. But how much more?

But the options are about the number of soda left. So if initially there were 20, and some sold, the remaining would be 20 - S_sold. But how can we estimate S_sold?

Alternatively, maybe the problem is that the total number of bottles sold is (total original) minus (remaining). But we don't know the remaining for soda and coffee. However, since the question is about Manager Li's guess, perhaps he uses the information that juice has 8 left, and the sales trends. 

Let me think again. The original numbers are 20 each. Juice has 8 left, so 12 sold. Soda is the most popular, so more than 12 sold. Coffee is almost no one likes, so maybe very few sold, like maybe 1 or 2. 

So total sold would be S_sold + 12 + C_sold. The total remaining is (20 - S_sold) + 8 + (20 - C_sold). But the total original is 60, so the remaining should be 60 - (S_sold + 12 + C_sold) = (20 - S_sold) + 8 + (20 - C_sold). Let me check that:

Leftover = (20 - S_sold) + 8 + (20 - C_sold) = 60 - S_sold - C_sold. 

But total sold is S_sold + 12 + C_sold. So total sold + leftover = (S_sold + 12 + C_sold) + (60 - S_sold - C_sold) = 72. Wait, that can't be right. Wait, original total is 60. So total sold plus leftover should be 60. But according to the calculation, it's 72. That suggests a mistake. 

Wait, the original total is 60. The total sold is S_sold + J_sold + C_sold. The total leftover is (20 - S_sold) + (20 - J_sold) + (20 - C_sold) = 60 - (S_sold + J_sold + C_sold). So total sold + leftover = (S_sold + J_sold + C_sold) + (60 - S_sold - J_sold - C_sold) = 60. So that's correct. 

But in the story, Manager Li counts and finds that there are 8 bottles of juice left. So J_sold = 20 - 8 = 12. So total sold is S_sold + 12 + C_sold. The leftover is (20 - S_sold) + 8 + (20 - C_sold) = 48 - S_sold - C_sold. 

But we don't know the total sold or the leftover. However, the question is about how many soda are left before Manager Li counts. Wait, but the options are about Manager Li's guess. So maybe he uses the information that juice has 8 left, and the sales trends. 

Since soda is the most popular, more than 12 sold. Coffee is almost no one likes, so maybe very few sold. Let's assume that coffee sold almost none, say 0 or 1. 

If we assume that coffee sold 0, then total sold is S_sold + 12. The leftover is 48 - S_sold. 

But the total leftover is (20 - S_sold) + 8 + (20 - 0) = 48 - S_sold. 

But we don't know the total leftover. However, Manager Li might be trying to estimate based on the sales trends. 

Alternatively, maybe the problem is that the number of soda left is 20 - S_sold. But how can we find that? 

Wait, the question is asking for the number of soda left before Manager Li counts. But the options are about his guess. So maybe he uses the information that juice has 8 left, and the sales trends. 

If juice sold 12, and soda is the most popular, so more than 12 sold. Let's say soda sold 15, then soda left is 5. But that's not in the options. Wait, the options are A. 10, B. 2, C. 15, D.7. 

Alternatively, maybe the problem is that the total number of bottles sold is (total original) minus (remaining). But since we don't know the remaining for soda and coffee, but we know that juice has 8 left. 

Wait, but maybe the problem is that the manager is trying to guess based on the sales trends. For example, if juice sold 12, and soda is the most popular, maybe soda sold more than juice. Let's say soda sold 16, then soda left is 4. But that's not in the options. 

Alternatively, maybe the manager uses the fact that the number of each type is the same initially. So if juice has 8 left, which is 20-12=12 sold. If soda is the most popular, maybe it's sold more than juice. Let's say soda sold 16, then left is 4. But that's not in the options. 

Alternatively, maybe the manager uses the fact that coffee is almost no one likes, so maybe coffee sold almost none. So total sold is S_sold + 12 + C_sold. But since coffee is almost no one likes, C_sold is very small. Let's say C_sold is 0. Then total sold is S_sold + 12. 

But the total number of bottles sold can't exceed the original 60. But we don't know. 

Alternatively, maybe the manager uses the fact that the total number of bottles sold is (total original) minus (remaining). But since we don't know the remaining for soda and coffee, but we know that juice has 8 left. 

Wait, but the question is about the number of soda left before Manager Li counts. So maybe the manager is trying to estimate based on the sales trends. 

If juice sold 12, and soda is the most popular, maybe soda sold more than 12. Let's say soda sold 16, then left is 4. But that's not in the options. 

Alternatively, maybe the manager uses the fact that the number of each type is the same. So if juice has 8 left, which is 20-12=12 sold. If soda is the most popular, maybe it's sold 16, so left is 4. But again, not in options. 

Wait, the options are A. 10, B. 2, C. 15, D.7. 

Wait, maybe the manager uses the fact that the total",,True,
7,"Emma coughs. During the whole lunchtime, she keeps coughing. Dad says, ""Poor Emma, you must have a frog in your throat!",Does Dad tell the truth?,Yes,No,,,B,Strange Story Task,"Okay, let's try to figure this out. The story says that Emma is coughing a lot during lunch. Her dad says, ""Poor Emma, you must have a frog in your throat!"" So the question is whether Dad is telling the truth.

First, I need to understand what ""a frog in your throat"" means. From what I know, that's an idiom. It's used to describe someone who has a sore throat or a hoarse voice, making it hard to speak. So when Dad says Emma has a frog in her throat, he's probably saying she has a sore throat, which is why she's coughing.

But wait, the story says she's coughing the whole lunchtime. Coughing can be a symptom of various things, like a cold, allergies, or maybe even something more serious. But Dad's comment is about a frog in the throat, which is more about the throat irritation rather than coughing itself. However, coughing can be a result of a sore throat. So maybe Dad is correct in that he's attributing her coughing to a sore throat.

But the question is whether he's telling the truth. The story doesn't provide any information that contradicts Dad's statement. It just says she's coughing a lot. So maybe Dad is just making an educated guess based on her symptoms. Since there's no evidence that he's lying, the answer might be that he's telling the truth. But wait, the options are A. Yes, B. No, C. D. (with C and D missing). Assuming that the original question had options, maybe the answer is A. But I need to check if there's any reason to think he's not telling the truth. The story doesn't say he's lying, so the most logical answer is that he is telling the truth. So the answer would be A.",A,False,
